epoch,train_Loss,val_Loss,train_CE_Loss,val_CE_Loss,train_Aux_Loss,val_Aux_Loss,train_Accuracy,val_Accuracy,train_Macro_F1,val_Macro_F1,train_Class0_Precision,val_Class0_Precision,train_Class0_Recall,val_Class0_Recall,train_Class0_F1,val_Class0_F1,train_Class0_F2,val_Class0_F2,train_ChgAcc,val_ChgAcc,train_Ordinal_MAE,val_Ordinal_MAE,train_AUC,val_AUC,train_QWK,val_QWK,Learning_Rate,context_mask_prob,val_MetricScore,val_CheckpointScore
1,0.842637300491333,0.8470346331596375,0.8426355123519897,0.8470328450202942,1.805501597118564e-06,1.8130357375412132e-06,0.76629623486482,0.7552204176334106,0.4870640432695028,0.47744568289983585,0.0,0.0,0.0,0.0,0.0,0.0,0.0,0.0,0.2630480167014614,0.1791044776119403,0.25062199369713056,0.26218097447795824,0.7541701277489596,0.7762235519066047,0.44549009125997585,0.42481206927111026,0.001,0.2,0.5604448044173955,0.5086541701549498
2,0.684543788433075,0.6863228678703308,0.6845408082008362,0.686319887638092,2.9647169412783114e-06,2.9736636406596517e-06,0.8122408359595289,0.8039443155452436,0.525817782487164,0.518387314439946,0.0,0.0,0.0,0.0,0.0,0.0,0.0,0.0,0.27139874739039666,0.23880597014925373,0.2006966329407862,0.2088167053364269,0.8451020748363015,0.8582130643390103,0.5608478231193851,0.5462543127260598,0.001,0.1925,0.6176429309206911,0.5854691206650532
3,0.5692183375358582,0.5688709020614624,0.5692147612571716,0.5688673257827759,3.598599732868024e-06,3.5987497994938167e-06,0.8367888538729474,0.8410672853828306,0.5469741130619228,0.5511553326928224,0.0,0.0,0.0,0.0,0.0,0.0,0.0,0.0,0.302713987473904,0.31343283582089554,0.1715043954221264,0.16937354988399073,0.8827787446838963,0.8856417593058818,0.6386075486347098,0.6354164517526666,0.001,0.185,0.6622713365587257,0.644168511763507
4,0.485745370388031,0.48409947752952576,0.485741525888443,0.48409563302993774,3.858812306134496e-06,3.843387275992427e-06,0.8493945928014596,0.8526682134570766,0.5580226225387516,0.5616450765467887,0.0,0.0,0.0,0.0,0.0,0.0,0.0,0.0,0.29227557411273486,0.3283582089552239,0.1574058716205009,0.1554524361948956,0.9012440816614801,0.9006479445681318,0.6731888355159917,0.6734380439456924,0.001,0.17750000000000002,0.6774264309587951,0.6694065967357217
5,0.4266330301761627,0.42452535033226013,0.4266291558742523,0.4245215058326721,3.881485099554993e-06,3.8514040170412045e-06,0.8616686017581688,0.8619489559164734,0.5687921777746975,0.570416033830668,0.0,0.0,0.0,0.0,0.0,0.0,0.0,0.0,0.2818371607515658,0.29850746268656714,0.14430253773428428,0.14617169373549885,0.913296682558856,0.9120990105743073,0.7030681242474514,0.693091767290927,0.001,0.17,0.6857915304741432,0.6854039871458623
6,0.38679084181785583,0.384962797164917,0.3867870569229126,0.38495907187461853,3.7716022234235425e-06,3.734133770194603e-06,0.8669762813070161,0.8689095127610209,0.5736287046160156,0.5761422496449238,0.0,0.0,0.0,0.0,0.0,0.0,0.0,0.0,0.2776617954070981,0.31343283582089554,0.1366727483828164,0.1368909512761021,0.9230306794886133,0.9218967844925077,0.728077325137851,0.7206909819963953,0.001,0.1625,0.6958906741478038,0.7000820823981819
7,0.36309272050857544,0.36219799518585205,0.36308911442756653,0.3621944189071655,3.6127569273958215e-06,3.578013320293394e-06,0.8752695306020899,0.8805104408352669,0.5809359447776972,0.5856485817152609,0.0,0.0,0.0,0.0,0.0,0.0,0.0,0.0,0.25260960334029225,0.29850746268656714,0.12721844418643224,0.12296983758700696,0.9304880983777254,0.9290045192965101,0.7518630874167592,0.757170883847276,0.001,0.155,0.7092236365047557,0.7163907831548136
8,0.3522515594959259,0.3528282642364502,0.35224810242652893,0.3528248369693756,3.4676529594435124e-06,3.440934733589529e-06,0.881572400066346,0.882830626450116,0.5864072715374359,0.5875297561228322,0.0,0.0,0.0,0.0,0.0,0.0,0.0,0.0,0.24634655532359082,0.2835820895522388,0.12025211477857024,0.11948955916473318,0.936673927744922,0.9349168949302152,0.7685069870734066,0.7685412431930538,0.001,0.1475,0.7119371644806862,0.7203137601666133
9,0.35057440400123596,0.35293176770210266,0.35057103633880615,0.35292840003967285,3.3783271646825597e-06,3.35403728968231e-06,0.8878752695306021,0.8932714617169374,0.591708425745797,0.5960212924105391,0.0,0.0,0.0,0.0,0.0,0.0,0.0,0.0,0.24008350730688935,0.26865671641791045,0.11378338032841268,0.10788863109048724,0.9424930594365838,0.9404839761553173,0.7819771751014928,0.7956193813424379,0.001,0.14,0.7229463177389531,0.7315333442824996
10,0.3533690869808197,0.35770031809806824,0.3533657193183899,0.3576969802379608,3.357550667715259e-06,3.3321973660349613e-06,0.8938464090230552,0.8979118329466357,0.5965792111591659,0.5997671325549608,0.0,0.0,0.0,0.0,0.0,0.0,0.0,0.0,0.22755741127348644,0.2537313432835821,0.10748051086415658,0.10324825986078887,0.9479316396927063,0.9452318098032446,0.7955672958821726,0.8045799472847669,0.001,0.1325,0.7269349592873322,0.7351142148889623
11,0.35556235909461975,0.36175480484962463,0.35555896162986755,0.3617514371871948,3.399786692170892e-06,3.3800229175540153e-06,0.8966661137833803,0.9013921113689095,0.5987779505486083,0.6025589225589226,0.0,0.0,0.0,0.0,0.0,0.0,0.0,0.0,0.21920668058455114,0.2537313432835821,0.10399734616022557,0.09976798143851508,0.9523776848634337,0.9494960461388433,0.8048165323889136,0.8112790709245972,0.001,0.125,0.7304811878081808,0.7381668375128739
12,0.3550259470939636,0.362179160118103,0.35502246022224426,0.36217567324638367,3.4911829516204307e-06,3.481292651486001e-06,0.8999834135014099,0.9025522041763341,0.601490529184781,0.6034862352584346,0.0,0.0,0.0,0.0,0.0,0.0,0.0,0.0,0.20668058455114824,0.2537313432835821,0.10068004644219605,0.09860788863109049,0.9554961029316686,0.9520550444904714,0.8112859869792733,0.8135080695297541,0.001,0.11750000000000001,0.7316623291937315,0.739277803026385
13,0.3513774275779724,0.35875967144966125,0.3513737916946411,0.35875603556632996,3.6245075989427278e-06,3.6244186958356295e-06,0.9031348482335378,0.9025522041763341,0.6037873709436788,0.6034862352584346,0.0,0.0,0.0,0.0,0.0,0.0,0.0,0.0,0.20250521920668058,0.2537313432835821,0.097528611710068,0.09860788863109049,0.9576671553565972,0.9539033666792402,0.8170562590274557,0.8135080695297541,0.001,0.11,0.7316623291937315,0.7396767080056139
14,0.3457444906234741,0.3530518710613251,0.3457406759262085,0.35304805636405945,3.8031505482649663e-06,3.813918056039256e-06,0.9041300381489468,0.9071925754060325,0.6045173852399423,0.628325779342833,0.0,1.0,0.0,0.03333333333333333,0.0,0.06451612903225806,0.0,0.04132231404958678,0.19206680584551147,0.23880597014925373,0.09636755680875767,0.0951276102088167,0.9590829677505409,0.955022719357704,0.8198542442476535,0.8165213000821709,0.001,0.10250000000000001,0.7409424675922089,0.7470901629111422
15,0.33995264768600464,0.3473235070705414,0.3399486243724823,0.34731945395469666,4.022039320261683e-06,4.047200491186231e-06,0.9076132028528777,0.9071925754060325,0.6607923295692459,0.6802795015076204,0.76,0.6666666666666666,0.09178743961352658,0.13333333333333333,0.16379310344827586,0.2222222222222222,0.11137162954279016,0.15873015873015872,0.17536534446764093,0.1791044776119403,0.0927185271189252,0.0951276102088167,0.9599067715342967,0.9557700464887816,0.8300501474000203,0.8208281369335925,0.001,0.09499999999999999,0.7555395751775925,0.75484193176116
16,0.33477258682250977,0.34232476353645325,0.33476829528808594,0.34232044219970703,4.28740759161883e-06,4.328840987000149e-06,0.9112622325427102,0.9129930394431555,0.7438399073935799,0.7676534868771968,0.6703296703296703,0.6875,0.2946859903381642,0.36666666666666664,0.40939597315436244,0.4782608695652174,0.3318824809575625,0.4044117647058823,0.12108559498956159,0.11940298507462686,0.08906949742909272,0.08816705336426914,0.9603193169008151,0.9566676782571126,0.843511501106247,0.8445209090656824,0.001,0.0875,0.7932422817695713,0.7773319910214634
17,0.33031994104385376,0.33807802200317383,0.33031535148620605,0.33807337284088135,4.598152372636832e-06,4.6511177060892805e-06,0.9140819373030353,0.91415313225058,0.7924920432061416,0.8144493530123206,0.6556291390728477,0.6428571428571429,0.4782608695652174,0.6,0.553072625698324,0.6206896551724138,0.5056179775280899,0.6081081081081081,0.06889352818371608,0.04477611940298507,0.08624979266876762,0.08700696055684455,0.960612648075676,0.956910756504187,0.8539927883659946,0.8541660258297556,0.001,0.08,0.8167609872791614,0.7889117762626447
18,0.32534059882164,0.33322256803512573,0.32533565163612366,0.333217591047287,4.936600362270838e-06,4.990401521354215e-06,0.9159064521479515,0.9164733178654292,0.8120174122125419,0.8199491345043591,0.6368421052631579,0.6333333333333333,0.5845410628019324,0.6333333333333333,0.6095717884130982,0.6333333333333333,0.594302554027505,0.6333333333333333,0.04801670146137787,0.04477611940298507,0.08442527782385138,0.08352668213457076,0.9610453985611289,0.9577902132928178,0.8603504543802598,0.8647147552990209,0.001,0.07249999999999998,0.8229819226613007,0.7940962223998865
19,0.31881770491600037,0.32659900188446045,0.31881245970726013,0.32659369707107544,5.257992597762495e-06,5.303729267325252e-06,0.9160723171338531,0.9164733178654292,0.8153441993684533,0.8199491345043591,0.625615763546798,0.6333333333333333,0.6135265700483091,0.6333333333333333,0.6195121951219512,0.6333333333333333,0.6159068865179437,0.6333333333333333,0.033402922755741124,0.029850746268656716,0.08425941283794991,0.08352668213457076,0.9616604266434359,0.9585828215896552,0.8616900099604227,0.8647147552990209,0.001,0.065,0.8222356540045842,0.7942991098540261
20,0.3104130029678345,0.3177156448364258,0.31040745973587036,0.3177100718021393,5.536828666663496e-06,5.569114819081733e-06,0.916404047105656,0.9187935034802784,0.8169386665228676,0.8356824346740042,0.6190476190476191,0.65625,0.6280193236714976,0.7,0.6235011990407674,0.6774193548387096,0.626204238921002,0.6907894736842105,0.027139874739039668,0.029850746268656716,0.08409354785204844,0.08120649651972157,0.9624768785436489,0.9598435001974389,0.8619974928324412,0.8695565701636055,0.001,0.057499999999999996,0.831788990935976,0.8012711716463674
21,0.3005863428115845,0.30700263381004333,0.30058059096336365,0.3069968521595001,5.762728051195154e-06,5.775712452305015e-06,0.9167357770774589,0.9187935034802784,0.8179787138128827,0.8322647802073416,0.6292682926829268,0.6363636363636364,0.6231884057971014,0.7,0.6262135922330098,0.6666666666666666,0.6243949661181026,0.6862745098039216,0.020876826722338204,0.014925373134328358,0.08376181788024548,0.08120649651972157,0.9634853973166733,0.9614357483482605,0.8620853111331805,0.8700409218177902,0.001,0.04999999999999999,0.8303221131926922,0.8016178589406587
22,0.2902992367744446,0.29567962884902954,0.29029327630996704,0.295673668384552,5.967682682239683e-06,5.958936071692733e-06,0.9165699120915575,0.9176334106728539,0.8172557487748491,0.8284766401698227,0.6305418719211823,0.6176470588235294,0.6183574879227053,0.7,0.624390243902439,0.65625,0.6207565470417071,0.6818181818181818,0.022964509394572025,0.014925373134328358,0.08392768286614696,0.08352668213457076,0.9645597406348866,0.9628341838950961,0.8616421390219398,0.8632297571978695,0.001,0.04249999999999998,0.827663926732181,0.8007350984030159
23,0.28088611364364624,0.28515076637268066,0.2808799147605896,0.2851445972919464,6.188931365613826e-06,6.156274594104616e-06,0.9160723171338531,0.9211136890951276,0.8140241222316688,0.8377127233897183,0.6326530612244898,0.65625,0.5990338164251208,0.7,0.6153846153846154,0.6774193548387096,0.60546875,0.6907894736842105,0.033402922755741124,0.029850746268656716,0.08442527782385138,0.08004640371229699,0.9655523067343368,0.964181994321429,0.8602786718104991,0.8676410161031501,0.001,0.035,0.8331548027077598,0.8068376995954497
24,0.2732521891593933,0.27655136585235596,0.27324575185775757,0.276544988155365,6.440337074309355e-06,6.387230314430781e-06,0.9160723171338531,0.9187935034802784,0.810363165188038,0.8290043816718384,0.6363636363636364,0.6451612903225806,0.5748792270531401,0.6666666666666666,0.6040609137055838,0.6557377049180327,0.5862068965517241,0.6622516556291391,0.04175365344467641,0.029850746268656716,0.08442527782385138,0.08236658932714618,0.9664843618932347,0.9653619095491367,0.8594948723605242,0.8632952861791938,0.001,0.027499999999999997,0.8272702065922194,0.8038240109679968
25,0.26746711134910583,0.2700731158256531,0.2674603760242462,0.2700664699077606,6.729237611580174e-06,6.659773589490214e-06,0.916404047105656,0.9176334106728539,0.8086585840754313,0.8281667236399487,0.6408839779005525,0.6451612903225806,0.5603864734299517,0.6666666666666666,0.5979381443298969,0.6557377049180327,0.5748265609514371,0.6622516556291391,0.05010438413361169,0.029850746268656716,0.08409354785204844,0.08352668213457076,0.9672273730042654,0.9662933722038112,0.8595479771720285,0.8614773892044961,0.001,0.01999999999999999,0.8261596959179996,0.8034909061661338
26,0.26342371106147766,0.2655450999736786,0.2634166479110718,0.26553812623023987,7.048654879326932e-06,6.969062269490678e-06,0.9159064521479515,0.9187935034802784,0.8010029012690674,0.8291236672316394,0.6484848484848484,0.6451612903225806,0.5169082125603864,0.6666666666666666,0.5752688172043011,0.6557377049180327,0.53877139979859,0.6622516556291391,0.06889352818371608,0.04477611940298507,0.08459114280975286,0.08236658932714618,0.9678418453844895,0.9668622755860099,0.8573686387098016,0.8634033038834741,0.001,0.01999999999999999,0.828044606460558,0.8058254025466902
27,0.26074495911598206,0.26260945200920105,0.2607375681400299,0.26260215044021606,7.389230177068384e-06,7.305140570679214e-06,0.9152429922043457,0.9176334106728539,0.7965549244978195,0.8281667236399487,0.6477987421383647,0.6451612903225806,0.4975845410628019,0.6666666666666666,0.5628415300546448,0.6557377049180327,0.5217831813576495,0.6622516556291391,0.081419624217119,0.04477611940298507,0.08525460275335876,0.08352668213457076,0.9682990101991522,0.9676523738301239,0.855784605567391,0.8614773892044961,0.001,0.01999999999999999,0.8269059645747161,0.8050207150067786
28,0.2589212954044342,0.2608340382575989,0.2589135468006134,0.26082637906074524,7.738936801615637e-06,7.655220542801544e-06,0.9154088571902471,0.9211136890951276,0.7955963736326092,0.837279508813556,0.6558441558441559,0.6896551724137931,0.48792270531400966,0.6666666666666666,0.5595567867036011,0.6779661016949152,0.5142566191446029,0.6711409395973154,0.09394572025052192,0.1044776119402985,0.08508873776745729,0.07888631090487239,0.9686608383173466,0.9680016876112311,0.8556187811018447,0.8714414801687912,0.001,0.01999999999999999,0.8355060453752536,0.8126048221474644
29,0.25738269090652466,0.259653240442276,0.2573746144771576,0.2596452236175537,8.09106495580636e-06,8.014026207092684e-06,0.9150771272184441,0.9222737819025522,0.7959056053230963,0.8452664070995124,0.6601307189542484,0.7,0.48792270531400966,0.7,0.5611111111111111,0.7,0.5147808358817533,0.7,0.10438413361169102,0.11940298507462686,0.08542046773926024,0.0777262180974478,0.9689607561413928,0.9683863045240618,0.8550506140061656,0.8739595563683662,0.001,0.01999999999999999,0.8410686816555963,0.8162951977222032
30,0.2561974823474884,0.25913989543914795,0.2561890482902527,0.259131520986557,8.429298759438097e-06,8.363380402443e-06,0.9149112622325427,0.919953596287703,0.7937733516568367,0.8435892711984653,0.66,0.7,0.4782608695652174,0.7,0.5546218487394958,0.7,0.5061349693251534,0.7,0.11691022964509394,0.11940298507462686,0.0857521977110632,0.08004640371229699,0.9692434230646935,0.9686590163057889,0.8537109371840594,0.8703001862262365,0.001,0.01999999999999999,0.8388439418945202,0.8140294343816026
31,0.25499123334884644,0.25871726870536804,0.25498250126838684,0.25870856642723083,8.74582019605441e-06,8.697771590959746e-06,0.9154088571902471,0.9211136890951276,0.7975239781857199,0.844543835967388,0.6623376623376623,0.7,0.4927536231884058,0.7,0.5650969529085873,0.7,0.5193482688391039,0.7,0.12108559498956159,0.11940298507462686,0.08525460275335876,0.07888631090487239,0.9694941140745575,0.9688337336353379,0.8549134470112928,0.872230602226853,0.001,0.01999999999999999,0.8399830210963308,0.8152112986204664
32,0.2538148760795593,0.25848981738090515,0.25380584597587585,0.25848081707954407,9.037015843205154e-06,9.01342627912527e-06,0.9160723171338531,0.9187935034802784,0.805969608983053,0.8392159680453424,0.6626506024096386,0.6774193548387096,0.5314009661835749,0.7,0.5898123324396782,0.6885245901639344,0.5533199195171027,0.695364238410596,0.1127348643006263,0.1044776119402985,0.08459114280975286,0.08120649651972157,0.9697536283027236,0.9689938077631286,0.8570803445350801,0.8690685946898353,0.001,0.01999999999999999,0.8362579677082651,0.8118924955805091
33,0.2525874972343445,0.2583105266094208,0.2525781989097595,0.2583012282848358,9.304342711402569e-06,9.309404049417935e-06,0.9165699120915575,0.919953596287703,0.8091289154326673,0.8401707727480083,0.6551724137931034,0.6774193548387096,0.5507246376811594,0.7,0.5984251968503937,0.6885245901639344,0.5688622754491018,0.695364238410596,0.11064718162839249,0.11940298507462686,0.08409354785204844,0.08004640371229699,0.9700523837238203,0.9690972354354942,0.8585906176440248,0.870989992061323,0.001,0.01999999999999999,0.8381419867657971,0.8136277041491699
34,0.2514767348766327,0.2582584619522095,0.25146719813346863,0.25824886560440063,9.544147360429633e-06,9.582449820300099e-06,0.9165699120915575,0.9176334106728539,0.8122779883633937,0.8319018943494769,0.6519337016574586,0.6363636363636364,0.5700483091787439,0.7,0.6082474226804123,0.6666666666666666,0.5847373637264619,0.6862745098039216,0.10438413361169102,0.08955223880597014,0.08409354785204844,0.08352668213457076,0.9703425490262295,0.969186660625658,0.8591814675484949,0.862829765089414,0.001,0.01999999999999999,0.8321234294160341,0.8085373601523006
35,0.25034603476524353,0.25801804661750793,0.25033625960350037,0.25800821185112,9.765248250914738e-06,9.838901860348415e-06,0.9169016420633604,0.9187935034802784,0.8120353114295034,0.832739156268568,0.6483516483516484,0.6363636363636364,0.5700483091787439,0.7,0.6066838046272494,0.6666666666666666,0.5841584158415841,0.6862745098039216,0.10647181628392484,0.08955223880597014,0.08376181788024548,0.08236658932714618,0.9706484331020273,0.9693609439861165,0.859805003805088,0.8646304367467935,0.001,0.01999999999999999,0.8332313166813763,0.8096644652426919
36,0.24943259358406067,0.25790563225746155,0.24942262470722198,0.2578955590724945,9.968128324544523e-06,1.0077727893076371e-05,0.9169016420633604,0.919953596287703,0.8129690456244704,0.8335776999264737,0.6368421052631579,0.6363636363636364,0.5845410628019324,0.7,0.6095717884130982,0.6666666666666666,0.594302554027505,0.6862745098039216,0.09603340292275574,0.08955223880597014,0.083595952894344,0.08120649651972157,0.9709155411631899,0.9695136264054486,0.8613041333108518,0.8664325189814576,0.001,0.01999999999999999,0.8343395437071923,0.8107809753690011
37,0.24873346090316772,0.25772079825401306,0.24872329831123352,0.2577104866504669,1.0163839760934934e-05,1.0305015166522935e-05,0.9180626969646708,0.9187935034802784,0.8194743733831346,0.832619970339972,0.6414141414141414,0.6363636363636364,0.6135265700483091,0.7,0.6271604938271605,0.6666666666666666,0.6189083820662767,0.6862745098039216,0.08977035490605428,0.05970149253731343,0.08243489799303368,0.08236658932714618,0.9711839866966946,0.969528592628949,0.8638712557533225,0.8645243518586296,0.001,0.01999999999999999,0.8317109480418592,0.8084160138528126
38,0.24827849864959717,0.2575796842575073,0.24826815724372864,0.25756916403770447,1.0346254384785425e-05,1.0514729183341842e-05,0.9188920218941782,0.919953596287703,0.8243635727241662,0.8399693288847182,0.6485148514851485,0.6470588235294118,0.6328502415458938,0.7333333333333333,0.6405867970660146,0.6875,0.6359223300970874,0.7142857142857143,0.08768267223382047,0.04477611940298507,0.0816055730635263,0.08120649651972157,0.971422555939062,0.969892958809468,0.8655388460739585,0.8668223095806225,0.001,0.01999999999999999,0.8355994896709216,0.8106740435554356
39,0.24815787374973297,0.25755345821380615,0.2481473684310913,0.25754275918006897,1.050844366545789e-05,1.0694163393054623e-05,0.919223751865981,0.9222737819025522,0.8241767692185517,0.8417722343864039,0.6407766990291263,0.6470588235294118,0.6376811594202898,0.7333333333333333,0.639225181598063,0.6875,0.6382978723404256,0.7142857142857143,0.081419624217119,0.04477611940298507,0.08127384309172334,0.07888631090487239,0.9716457871936394,0.970118453970738,0.8663674993866654,0.8705216898700496,0.001,0.01999999999999999,0.8378428079141561,0.8129819704077993
40,0.24827840924263,0.25758036971092224,0.2482677549123764,0.2575695216655731,1.0651950105966534e-05,1.0846880286408123e-05,0.9190578868800796,0.9234338747099768,0.8228723392526426,0.842730783462544,0.6435643564356436,0.6470588235294118,0.6280193236714976,0.7333333333333333,0.6356968215158925,0.6875,0.6310679611650485,0.7142857142857143,0.07515657620041753,0.04477611940298507,0.08143970807762481,0.0777262180974478,0.9718735507208413,0.9704206560375951,0.8657392029834409,0.8724212043603042,0.001,0.01999999999999999,0.8389776503201345,0.8141497219573265
41,0.2484901249408722,0.25761884450912476,0.24847933650016785,0.2576078474521637,1.0791900422191247e-05,1.0990775081154425e-05,0.919223751865981,0.9234338747099768,0.8229915477235247,0.842730783462544,0.6435643564356436,0.6470588235294118,0.6280193236714976,0.7333333333333333,0.6356968215158925,0.6875,0.6310679611650485,0.7142857142857143,0.0709812108559499,0.04477611940298507,0.08127384309172334,0.0777262180974478,0.9720658742616773,0.9707127077185933,0.8660016181699624,0.8724212043603042,0.001,0.01999999999999999,0.8389776503201345,0.8141537856529956
42,0.2485663741827011,0.2575523257255554,0.24855543673038483,0.2575411796569824,1.0944630048470572e-05,1.1146816177642904e-05,0.919223751865981,0.9222737819025522,0.8223986567682345,0.8418877537744992,0.645,0.6470588235294118,0.6231884057971014,0.7333333333333333,0.6339066339066339,0.6875,0.6274319066147859,0.7142857142857143,0.06263048016701461,0.029850746268656716,0.08127384309172334,0.07888631090487239,0.9722691735411305,0.9710214364245809,0.8658256736660477,0.870622743295282,0.001,0.01999999999999999,0.837123249210034,0.8124290164468958
43,0.24866512417793274,0.25750255584716797,0.24865402281284332,0.25749126076698303,1.1105725207016803e-05,1.130756481870776e-05,0.919555481837784,0.9222737819025522,0.8214335207903685,0.8418877537744992,0.6479591836734694,0.6470588235294118,0.6135265700483091,0.7333333333333333,0.630272952853598,0.6875,0.6201171874999999,0.7142857142857143,0.060542797494780795,0.029850746268656716,0.08094211311992039,0.07888631090487239,0.9724664675542133,0.9712795604782237,0.8659993281803162,0.870622743295282,0.001,0.01999999999999999,0.837123249210034,0.8124424319623186
44,0.2487514615058899,0.2575131356716156,0.24874018132686615,0.25750163197517395,1.128632175095845e-05,1.1489729331515264e-05,0.919887211809587,0.9222737819025522,0.8231236656966624,0.8418877537744992,0.6580310880829016,0.6470588235294118,0.6135265700483091,0.7333333333333333,0.635,0.6875,0.6219392752203722,0.7142857142857143,0.060542797494780795,0.029850746268656716,0.08061038314811743,0.07888631090487239,0.972690320954429,0.971633591425002,0.8662622253506038,0.870622743295282,0.001,0.01999999999999999,0.837123249210034,0.8124449767826274
45,0.24845477938652039,0.25717341899871826,0.24844329059123993,0.2571617066860199,1.1494833415781613e-05,1.1703047675837297e-05,0.919555481837784,0.9211136890951276,0.8216638639687995,0.8344175368612966,0.6613756613756614,0.6363636363636364,0.6038647342995169,0.7,0.6313131313131313,0.6666666666666666,0.6145526057030483,0.6862745098039216,0.060542797494780795,0.029850746268656716,0.08094211311992039,0.08004640371229699,0.9729086333074516,0.971915955957043,0.8653789601396289,0.8682360134515439,0.001,0.01999999999999999,0.8324630372691477,0.8096120459412796
46,0.24765576422214508,0.2563283145427704,0.24764403700828552,0.2563163638114929,1.1723976058419794e-05,1.1937442650378216e-05,0.919555481837784,0.9211136890951276,0.8199432625737005,0.8344175368612966,0.6612903225806451,0.6363636363636364,0.5942028985507246,0.7,0.6259541984732825,0.6666666666666666,0.606508875739645,0.6862745098039216,0.06263048016701461,0.029850746268656716,0.08094211311992039,0.08004640371229699,0.9731406375666843,0.9721624781786261,0.865127049273867,0.8682360134515439,0.001,0.01999999999999999,0.8324630372691477,0.8097157915508014
47,0.24631528556346893,0.2550618052482605,0.24630330502986908,0.25504958629608154,1.1981742318312172e-05,1.2205485290905926e-05,0.919555481837784,0.9187935034802784,0.8185826506492702,0.8257674293739067,0.6703910614525139,0.625,0.5797101449275363,0.6666666666666666,0.6217616580310881,0.6451612903225806,0.5958291956305859,0.6578947368421052,0.0709812108559499,0.014925373134328358,0.08094211311992039,0.08236658932714618,0.9733686566472665,0.9723704082120043,0.8645620019856002,0.8639125940215487,0.001,0.01999999999999999,0.8258571470033597,0.8051872821799212
48,0.24479489028453827,0.2537798583507538,0.24478262662887573,0.25376734137535095,1.2262980817467906e-05,1.250550940312678e-05,0.9193896168518826,0.9211136890951276,0.8178107973577818,0.8342709264260115,0.672316384180791,0.6666666666666666,0.5748792270531401,0.6666666666666666,0.6197916666666666,0.6666666666666666,0.5920398009950248,0.6666666666666666,0.0709812108559499,0.04477611940298507,0.08110797810582186,0.08004640371229699,0.9735889223490993,0.9724724077751796,0.8641149574560574,0.8665407713342435,0.001,0.01999999999999999,0.8309795742510152,0.809569693314613
49,0.24303683638572693,0.25232574343681335,0.24302427470684052,0.25231292843818665,1.2554771274153609e-05,1.2819101357308682e-05,0.919555481837784,0.9211136890951276,0.8190796616619394,0.8342709264260115,0.6741573033707865,0.6666666666666666,0.5797101449275363,0.6666666666666666,0.6233766233766234,0.6666666666666666,0.5964214711729623,0.6666666666666666,0.0709812108559499,0.04477611940298507,0.08094211311992039,0.08004640371229699,0.9738103536271202,0.972650965532566,0.8644718237820546,0.8665407713342435,0.001,0.01999999999999999,0.8309795742510152,0.8097290259178294
50,0.2412765771150589,0.25092312693595886,0.2412637174129486,0.2509099841117859,1.2859132766607217e-05,1.3147213394404389e-05,0.919555481837784,0.9222737819025522,0.8202232985752752,0.8352239251542363,0.6759776536312849,0.6666666666666666,0.5845410628019324,0.6666666666666666,0.6269430051813472,0.6666666666666666,0.6007944389275075,0.6666666666666666,0.06889352818371608,0.04477611940298507,0.08094211311992039,0.07888631090487239,0.9740300787992101,0.9728400101039215,0.8645620019856002,0.8684726787629369,0.001,0.01999999999999999,0.8321187205629677,0.8110498714201693
51,0.23953939974308014,0.24959486722946167,0.23952622711658478,0.24958138167858124,1.3170120837457944e-05,1.348521254840307e-05,0.9200530767954884,0.9211136890951276,0.8217346403666829,0.8342709264260115,0.6777777777777778,0.6666666666666666,0.5893719806763285,0.6666666666666666,0.6304909560723514,0.6666666666666666,0.6051587301587301,0.6666666666666666,0.06889352818371608,0.04477611940298507,0.08044451816221596,0.08004640371229699,0.9742311497972512,0.9729999428855631,0.8654661428571493,0.8665407713342435,0.001,0.01999999999999999,0.8309795742510152,0.8100184864874495
52,0.2376336008310318,0.2480856478214264,0.23762010037899017,0.2480718046426773,1.3498579392035026e-05,1.3845565263181925e-05,0.9203848067672914,0.9211136890951276,0.8242461707028915,0.8342709264260115,0.6813186813186813,0.6666666666666666,0.5990338164251208,0.6666666666666666,0.6375321336760925,0.6666666666666666,0.6138613861386139,0.6666666666666666,0.0709812108559499,0.04477611940298507,0.08011278819041301,0.08004640371229699,0.9744217369564705,0.9730958713778466,0.8661921013980115,0.8665407713342435,0.001,0.01999999999999999,0.8309795742510152,0.8101798082466733
53,0.2357826977968216,0.24668456614017487,0.2357688546180725,0.24667035043239594,1.3839358871337026e-05,1.4221616766008083e-05,0.919887211809587,0.9222737819025522,0.8228843951790074,0.8420810499786615,0.6739130434782609,0.6774193548387096,0.5990338164251208,0.7,0.6342710997442456,0.6885245901639344,0.6126482213438734,0.695364238410596,0.06889352818371608,0.04477611940298507,0.08061038314811743,0.07888631090487239,0.9745711841939055,0.9731330570560095,0.8655732953165817,0.868965097896145,0.001,0.01999999999999999,0.8357480530897844,0.8132612775402821
54,0.23438183963298798,0.2457490712404251,0.23436766862869263,0.24573448300361633,1.4167430890665855e-05,1.4583092706743628e-05,0.919887211809587,0.9222737819025522,0.8218911616939666,0.8420810499786615,0.6666666666666666,0.6774193548387096,0.5990338164251208,0.7,0.6310432569974554,0.6885245901639344,0.6114398422090729,0.695364238410596,0.06889352818371608,0.04477611940298507,0.08061038314811743,0.07888631090487239,0.9747234265866633,0.9732508265075391,0.8657513358255045,0.868965097896145,0.001,0.01999999999999999,0.8357480530897844,0.8133503157037056
55,0.23319412767887115,0.2450624257326126,0.23317964375019073,0.24504749476909637,1.4488347005681135e-05,1.493805757490918e-05,0.919887211809587,0.9222737819025522,0.8213986573117226,0.8420810499786615,0.6631016042780749,0.6774193548387096,0.5990338164251208,0.7,0.6294416243654822,0.6885245901639344,0.6108374384236454,0.695364238410596,0.06889352818371608,0.04477611940298507,0.08061038314811743,0.07888631090487239,0.9748458403188655,0.9733707711284488,0.8658401793436242,0.868965097896145,0.001,0.01999999999999999,0.8357480530897844,0.813407702459649
56,0.23241965472698212,0.2447822540998459,0.23240487277507782,0.2447669953107834,1.4777120668441057e-05,1.525924562884029e-05,0.9200530767954884,0.9222737819025522,0.8226456714761241,0.8420810499786615,0.6648936170212766,0.6774193548387096,0.6038647342995169,0.7,0.6329113924050633,0.6885245901639344,0.6151574803149606,0.695364238410596,0.0709812108559499,0.04477611940298507,0.08044451816221596,0.07888631090487239,0.97496104927728,0.9734456739948456,0.8662091902617013,0.868965097896145,0.001,0.01999999999999999,0.8357480530897844,0.8134166488188065
57,0.23202136158943176,0.2448023110628128,0.23200632631778717,0.24478676915168762,1.50282512549893e-05,1.5536941646132618e-05,0.92021894178139,0.9222737819025522,0.8217027554564096,0.8420810499786615,0.6631016042780749,0.6774193548387096,0.5990338164251208,0.7,0.6294416243654822,0.6885245901639344,0.6108374384236454,0.695364238410596,0.07724425887265135,0.04477611940298507,0.08027865317631448,0.07888631090487239,0.9750769586762097,0.973562792796176,0.8664321936116266,0.868965097896145,0.001,0.01999999999999999,0.8357480530897844,0.8133933599429883
58,0.23171058297157288,0.24481794238090515,0.23169532418251038,0.24480214715003967,1.5256733604473993e-05,1.5788473319844343e-05,0.9210482667108973,0.9222737819025522,0.8243497173841324,0.8387013606347266,0.6775956284153005,0.6896551724137931,0.5990338164251208,0.6666666666666666,0.6358974358974359,0.6779661016949152,0.6132542037586547,0.6711409395973154,0.08559498956158663,0.05970149253731343,0.0794493282468071,0.07888631090487239,0.9752069801220183,0.97366918763427,0.8674675575815506,0.8678713135789925,0.001,0.01999999999999999,0.8335699552832063,0.8125797735974303
59,0.23169180750846863,0.2451086938381195,0.2316763550043106,0.24509268999099731,1.5452927982551046e-05,1.600007090019062e-05,0.9208824017249958,0.9222737819025522,0.8252241980379708,0.8387013606347266,0.6850828729281768,0.6896551724137931,0.5990338164251208,0.6666666666666666,0.6391752577319587,0.6779661016949152,0.6144697720515361,0.6711409395973154,0.08559498956158663,0.05970149253731343,0.07961519323270858,0.07888631090487239,0.975351030529231,0.9738116531324364,0.8670101416718659,0.8678713135789925,0.001,0.01999999999999999,0.8335699552832063,0.8125294328555576
60,0.23170635104179382,0.24540340900421143,0.23169070482254028,0.2453872114419937,1.564102240081411e-05,1.620173134142533e-05,0.9212141316967988,0.9222737819025522,0.8254463131857915,0.8387013606347266,0.6850828729281768,0.6896551724137931,0.5990338164251208,0.6666666666666666,0.6391752577319587,0.6779661016949152,0.6144697720515361,0.6711409395973154,0.08350730688935282,0.05970149253731343,0.07928346326090563,0.07888631090487239,0.9754791468232531,0.973936294450859,0.8675264719066519,0.8678713135789925,0.001,0.01999999999999999,0.8335699552832063,0.8124800816997997
61,0.2315678596496582,0.2455192655324936,0.23155201971530914,0.24550285935401917,1.58364673552569e-05,1.6413423509220593e-05,0.9208824017249958,0.9222737819025522,0.8246691403079812,0.8387013606347266,0.6813186813186813,0.6896551724137931,0.5990338164251208,0.6666666666666666,0.6375321336760925,0.6779661016949152,0.6138613861386139,0.6711409395973154,0.081419624217119,0.05970149253731343,0.07961519323270858,0.07888631090487239,0.9756074914450652,0.9740089450750534,0.8670518379561813,0.8678713135789925,0.001,0.01999999999999999,0.8335699552832063,0.8124534872993938
62,0.23156927525997162,0.2458237111568451,0.23155325651168823,0.24580709636211395,1.6018873793655075e-05,1.6610996681265533e-05,0.9207165367390944,0.9211136890951276,0.8251478588741215,0.8342709264260115,0.6793478260869565,0.6666666666666666,0.6038647342995169,0.6666666666666666,0.639386189258312,0.6666666666666666,0.6175889328063241,0.6666666666666666,0.08350730688935282,0.04477611940298507,0.07978105821861005,0.08004640371229699,0.9757515168964627,0.9740736409509273,0.8669471806513778,0.8665407713342435,0.001,0.01999999999999999,0.8309795742510152,0.8102614664610039
63,0.23135621845722198,0.24581898748874664,0.23133999109268188,0.2458021640777588,1.622061972739175e-05,1.6829526430228725e-05,0.9210482667108973,0.919953596287703,0.8264980967996487,0.8299616120395514,0.6810810810810811,0.6451612903225806,0.6086956521739131,0.6666666666666666,0.6428571428571429,0.6557377049180327,0.6219151036525173,0.6622516556291391,0.08559498956158663,0.04477611940298507,0.0794493282468071,0.08120649651972157,0.9758796290283809,0.9741852085229313,0.8675659631619635,0.8652212435503205,0.001,0.01999999999999999,0.8291551522162021,0.8087218963029554
64,0.2310105562210083,0.24567408859729767,0.2309941202402115,0.2456570267677307,1.6432901247753762e-05,1.706829425529577e-05,0.9212141316967988,0.919953596287703,0.8293766953337302,0.8299616120395514,0.6825396825396826,0.6451612903225806,0.6231884057971014,0.6666666666666666,0.6515151515151515,0.6557377049180327,0.6342182890855458,0.6622516556291391,0.08559498956158663,0.04477611940298507,0.07928346326090563,0.08120649651972157,0.9760106537616301,0.9742362903426626,0.8681501027946592,0.8652212435503205,0.001,0.01999999999999999,0.8291551522162021,0.8087292761030367
65,0.2306455671787262,0.24543167650699615,0.23062890768051147,0.2454143613576889,1.665780473558698e-05,1.732091732264962e-05,0.9208824017249958,0.9187935034802784,0.8280803794301109,0.8219714611853698,0.675392670157068,0.6333333333333333,0.6231884057971014,0.6333333333333333,0.6482412060301508,0.6333333333333333,0.6329735034347399,0.6333333333333333,0.07933194154488518,0.04477611940298507,0.07961519323270858,0.08236658932714618,0.9761308268418222,0.9742894614592988,0.867749377855258,0.8627813564422502,0.0006,0.01999999999999999,0.8243442615101669,0.8057910735461907
66,0.23026426136493683,0.2450767606496811,0.230247363448143,0.24505917727947235,1.6904396034078673e-05,1.7588750779395923e-05,0.9208824017249958,0.9187935034802784,0.8286464216501644,0.8219714611853698,0.6735751295336787,0.6333333333333333,0.6280193236714976,0.6333333333333333,0.65,0.6333333333333333,0.6366307541625856,0.6333333333333333,0.07724425887265135,0.04477611940298507,0.07961519323270858,0.08236658932714618,0.9762043288516756,0.9743521889162586,0.8679085032908662,0.8627813564422502,0.0006,0.01999999999999999,0.8243442615101669,0.8058323776278691
67,0.2299138754606247,0.24470600485801697,0.22989672422409058,0.24468815326690674,1.7152393411379308e-05,1.7856587874121033e-05,0.9205506717531929,0.9187935034802784,0.8283912180178931,0.8219714611853698,0.6735751295336787,0.6333333333333333,0.6280193236714976,0.6333333333333333,0.65,0.6333333333333333,0.6366307541625856,0.6333333333333333,0.07306889352818371,0.04477611940298507,0.07994692320451152,0.08236658932714618,0.9762692414559608,0.9743783901449078,0.8673649168846558,0.8627813564422502,0.0006,0.01999999999999999,0.8243442615101669,0.8058779197488026
68,0.22941850125789642,0.24418936669826508,0.22940108180046082,0.24417121708393097,1.7418584320694208e-05,1.814385541365482e-05,0.92021894178139,0.9187935034802784,0.8265558603930617,0.8219714611853698,0.6683937823834197,0.6333333333333333,0.6231884057971014,0.6333333333333333,0.645,0.6333333333333333,0.6317335945151812,0.6333333333333333,0.07306889352818371,0.04477611940298507,0.08027865317631448,0.08236658932714618,0.9763454009898092,0.9744042987506157,0.8668213304784453,0.8627813564422502,0.0006,0.01999999999999999,0.8243442615101669,0.805941016778727
69,0.22890318930149078,0.2437487691640854,0.2288854867219925,0.2437303215265274,1.7697748262435198e-05,1.8452303265803494e-05,0.919887211809587,0.9176334106728539,0.8252970185391937,0.8178421741004414,0.6615384615384615,0.6129032258064516,0.6231884057971014,0.6333333333333333,0.6417910447761194,0.6229508196721312,0.6304985337243402,0.6291390728476821,0.06889352818371608,0.04477611940298507,0.08061038314811743,0.08352668213457076,0.9764071847905861,0.9744523830058173,0.8664384468347871,0.8614773892044961,0.0006,0.01999999999999999,0.8225622513426197,0.804485854576785
70,0.22839750349521637,0.24328301846981049,0.2283795177936554,0.24326425790786743,1.7978660252992995e-05,1.8759563317871653e-05,0.9205506717531929,0.9164733178654292,0.8273629258998211,0.8096719959447279,0.6666666666666666,0.6,0.6280193236714976,0.6,0.6467661691542289,0.6,0.635386119257087,0.6,0.07515657620041753,0.04477611940298507,0.07994692320451152,0.08468677494199536,0.97646830504427,0.9744575236030636,0.8675089575439032,0.8590219415502571,0.0006,0.01999999999999999,0.8177089487693183,0.8015531812143109
71,0.22791139781475067,0.24281896650791168,0.2278931438922882,0.24279990792274475,1.8259630451211706e-05,1.906551005959045e-05,0.9205506717531929,0.9164733178654292,0.8273629258998211,0.8096719959447279,0.6666666666666666,0.6,0.6280193236714976,0.6,0.6467661691542289,0.6,0.635386119257087,0.6,0.07515657620041753,0.04477611940298507,0.07994692320451152,0.08468677494199536,0.9765227221286841,0.9745068192863463,0.8675089575439032,0.8590219415502571,0.0006,0.01999999999999999,0.8177089487693183,0.8016078020167134
72,0.22742728888988495,0.24230247735977173,0.2274087518453598,0.24228310585021973,1.854137190093752e-05,1.9366934793652035e-05,0.9207165367390944,0.9164733178654292,0.8279951402318311,0.8096719959447279,0.6701030927835051,0.6,0.6280193236714976,0.6,0.6483790523690773,0.6,0.6360078277886497,0.6,0.07724425887265135,0.04477611940298507,0.07978105821861005,0.08468677494199536,0.9765778837273583,0.9745715268307255,0.8677009501656755,0.8590219415502571,0.0006,0.01999999999999999,0.8177089487693183,0.8016714387666962
73,0.22689448297023773,0.24172794818878174,0.2268756479024887,0.24170827865600586,1.882999640656635e-05,1.9674540453706868e-05,0.9208824017249958,0.9164733178654292,0.8291901625635137,0.8096719959447279,0.6717948717948717,0.6,0.6328502415458938,0.6,0.6517412935323383,0.6,0.6402737047898338,0.6,0.07724425887265135,0.04477611940298507,0.07961519323270858,0.08468677494199536,0.9766301556122898,0.9746937324934905,0.868051953619543,0.8590219415502571,0.0006,0.01999999999999999,0.8177089487693183,0.8017425041925691
74,0.22650146484375,0.24134832620620728,0.2264823615550995,0.24132835865020752,1.9102892110822722e-05,1.9967199477832764e-05,0.9215458616686018,0.9153132250580046,0.8317514387373728,0.8012443366887707,0.6858638743455497,0.5862068965517241,0.6328502415458938,0.5666666666666667,0.6582914572864321,0.576271186440678,0.6427870461236506,0.5704697986577181,0.08559498956158663,0.04477611940298507,0.07895173328910267,0.08584686774941995,0.9766927473483017,0.9748103752584241,0.8688226203877554,0.856545997600049,0.0006,0.01999999999999999,0.8127877107921373,0.798761707435717
75,0.22623787820339203,0.24113570153713226,0.22621852159500122,0.24111545085906982,1.9363842511666007e-05,2.024788409471512e-05,0.9217117266545032,0.9153132250580046,0.8324146958584469,0.8012443366887707,0.6894736842105263,0.5862068965517241,0.6328502415458938,0.5666666666666667,0.6599496221662469,0.576271186440678,0.6434184675834971,0.5704697986577181,0.08768267223382047,0.04477611940298507,0.0787858683032012,0.08584686774941995,0.9767508963665114,0.9748654289214992,0.8690310944166477,0.856545997600049,0.0006,0.01999999999999999,0.8127877107921373,0.7987847097622055
76,0.22594334185123444,0.24086976051330566,0.22592371702194214,0.24084922671318054,1.9625502318376675e-05,2.052980926237069e-05,0.9215458616686018,0.9153132250580046,0.8312124390464196,0.8012443366887707,0.6878306878306878,0.5862068965517241,0.6280193236714976,0.5666666666666667,0.6565656565656566,0.576271186440678,0.63913470993117,0.5704697986577181,0.08768267223382047,0.04477611940298507,0.07895173328910267,0.08584686774941995,0.97680386140218,0.9749225280763106,0.8686796638933132,0.856545997600049,0.0006,0.01999999999999999,0.8127877107921373,0.7988152276383537
77,0.22562387585639954,0.24058356881141663,0.22560398280620575,0.24056275188922882,1.989489101106301e-05,2.081926868413575e-05,0.9217117266545032,0.9153132250580046,0.8313009423909,0.7935024648929735,0.6935483870967742,0.5714285714285714,0.6231884057971014,0.5333333333333333,0.6564885496183206,0.5517241379310345,0.636094674556213,0.5405405405405405,0.0918580375782881,0.05970149253731343,0.0787858683032012,0.08584686774941995,0.9768604616391885,0.9750399716372457,0.8687145950423677,0.8560023914610773,0.0006,0.01999999999999999,0.8096853255367105,0.7975523316452049
78,0.22545354068279266,0.24043269455432892,0.22543339431285858,0.24041160941123962,2.0146751921856776e-05,2.108793160005007e-05,0.9222093216122077,0.91415313225058,0.8327279309575107,0.7845183602888821,0.7010869565217391,0.5555555555555556,0.6231884057971014,0.5,0.659846547314578,0.5263157894736842,0.6373517786561265,0.5102040816326531,0.09603340292275574,0.05970149253731343,0.07828827334549676,0.08700696055684455,0.9769236988814618,0.9751481310126401,0.8693679690696405,0.8534939056961104,0.0006,0.01999999999999999,0.8046229359959415,0.7944624558167861
79,0.2253216803073883,0.24036885797977448,0.22530128061771393,0.2403475046157837,2.0394576495164074e-05,2.1351463146856986e-05,0.9223751865981091,0.9153132250580046,0.8328241585538851,0.7883162121216284,0.7071823204419889,0.5769230769230769,0.6183574879227053,0.5,0.6597938144329897,0.5357142857142857,0.6342913776015856,0.5136986301369862,0.10020876826722339,0.07462686567164178,0.07812240835959529,0.08584686774941995,0.9769793745596597,0.9752385520807664,0.8694042594757457,0.8547856541206721,0.0006,0.01999999999999999,0.807046267274876,0.7965118836321325
80,0.22522582113742828,0.24044834077358246,0.2252051830291748,0.24042671918869019,2.064002001134213e-05,2.1617310267174616e-05,0.9225410515840106,0.9153132250580046,0.8334864133043567,0.7883162121216284,0.7111111111111111,0.5769230769230769,0.6183574879227053,0.5,0.661498708010336,0.5357142857142857,0.6349206349206349,0.5136986301369862,0.1022964509394572,0.07462686567164178,0.07795654337369382,0.08584686774941995,0.9770331795995109,0.9752218852898561,0.869599020044681,0.8547856541206721,0.0006,0.01999999999999999,0.807046267274876,0.7964936122753115
81,0.22511425614356995,0.24057070910930634,0.22509337961673737,0.24054881930351257,2.0882231183350086e-05,2.1885514797759242e-05,0.9225410515840106,0.9153132250580046,0.8334864133043567,0.7883162121216284,0.7111111111111111,0.5769230769230769,0.6183574879227053,0.5,0.661498708010336,0.5357142857142857,0.6349206349206349,0.5136986301369862,0.1022964509394572,0.07462686567164178,0.07795654337369382,0.08584686774941995,0.977083181462674,0.9751762597238868,0.869599020044681,0.8547856541206721,0.0006,0.01999999999999999,0.807046267274876,0.7964672650851697
82,0.2248963564634323,0.24060063064098358,0.22487522661685944,0.24057847261428833,2.113560913130641e-05,2.2165238988236524e-05,0.9222093216122077,0.91415313225058,0.8332476642456018,0.7789286482974725,0.7111111111111111,0.56,0.6183574879227053,0.4666666666666667,0.661498708010336,0.509090909090909,0.6349206349206349,0.4827586206896552,0.1022964509394572,0.07462686567164178,0.07828827334549676,0.08700696055684455,0.9771384753305101,0.9752156322399351,0.8690664307508169,0.8522507201146841,0.0006,0.01999999999999999,0.8018792095220032,0.7932841542344086
83,0.22458653151988983,0.24055933952331543,0.22456513345241547,0.2405368834733963,2.1396108422777615e-05,2.24525010708021e-05,0.9223751865981091,0.91415313225058,0.8333829164869391,0.7789286482974725,0.7111111111111111,0.56,0.6183574879227053,0.4666666666666667,0.661498708010336,0.509090909090909,0.6349206349206349,0.4827586206896552,0.10438413361169102,0.07462686567164178,0.07812240835959529,0.08700696055684455,0.977172256479449,0.9752652322146647,0.8693479899842786,0.8522507201146841,0.0006,0.01999999999999999,0.8018792095220032,0.793275719730138
84,0.22413386404514313,0.2404179871082306,0.22411218285560608,0.2403952181339264,2.1679088604287244e-05,2.2767817426938564e-05,0.9227069165699121,0.9153132250580046,0.8347580424879198,0.7883162121216284,0.712707182320442,0.5769230769230769,0.6231884057971014,0.5,0.6649484536082474,0.5357142857142857,0.6392467789890981,0.5136986301369862,0.11064718162839249,0.07462686567164178,0.07779067838779234,0.08584686774941995,0.9772117461953341,0.9751944667023252,0.8699974183562542,0.8547856541206721,0.0006,0.01999999999999999,0.807046267274876,0.7964443174459429
85,0.22370941936969757,0.2403256744146347,0.22368745505809784,0.24030259251594543,2.1966963686281815e-05,2.3088436137186363e-05,0.9223751865981091,0.9153132250580046,0.8339750853644844,0.7883162121216284,0.7087912087912088,0.5769230769230769,0.6231884057971014,0.5,0.6632390745501285,0.5357142857142857,0.6386138613861386,0.5136986301369862,0.10855949895615867,0.07462686567164178,0.07812240835959529,0.08584686774941995,0.9772589876212047,0.9751584179448375,0.8695366963639136,0.8547856541206721,0.0006,0.01999999999999999,0.807046267274876,0.7964388274111243
86,0.22342975437641144,0.24040012061595917,0.22340750694274902,0.24037672579288483,2.2244623323786072e-05,2.3397211407427676e-05,0.9225410515840106,0.91415313225058,0.8351917795466183,0.7845183602888821,0.7103825136612022,0.5555555555555556,0.6280193236714976,0.5,0.6666666666666666,0.5263157894736842,0.6429277942631059,0.5102040816326531,0.11064718162839249,0.07462686567164178,0.07795654337369382,0.08700696055684455,0.9773061564146525,0.9751918373991327,0.8698889737111531,0.8534939056961104,0.0006,0.01999999999999999,0.8053692046526578,0.794964106588774
87,0.2231886386871338,0.24051356315612793,0.2231661081314087,0.24048984050750732,2.2530282876687124e-05,2.3716824216535315e-05,0.9223751865981091,0.9129930394431555,0.8350782186847759,0.783561939448004,0.7043010752688172,0.5555555555555556,0.6328502415458938,0.5,0.6666666666666666,0.5263157894736842,0.645956607495069,0.5102040816326531,0.10647181628392484,0.05970149253731343,0.07812240835959529,0.08816705336426914,0.9773559173686795,0.9752064484642274,0.8698518637222818,0.8515315856416055,0.0006,0.01999999999999999,0.803478885578852,0.7931608878531757
88,0.22296485304832458,0.2405543327331543,0.222942054271698,0.24053031206130981,2.280365333717782e-05,2.4018081603571773e-05,0.9227069165699121,0.9129930394431555,0.8347785854456226,0.783561939448004,0.7005347593582888,0.5555555555555556,0.6328502415458938,0.5,0.6649746192893401,0.5263157894736842,0.6453201970443351,0.5102040816326531,0.10647181628392484,0.05970149253731343,0.07779067838779234,0.08816705336426914,0.9774111469611194,0.9752479523444869,0.8704531605013766,0.8515315856416055,0.0006,0.01999999999999999,0.803478885578852,0.7931428049960437
89,0.2227453887462616,0.2406182438135147,0.22272232174873352,0.24059392511844635,2.3067061192705296e-05,2.4312093955813907e-05,0.9225410515840106,0.9129930394431555,0.8351931048721557,0.783561939448004,0.6927083333333334,0.5555555555555556,0.642512077294686,0.5,0.6666666666666666,0.5263157894736842,0.6519607843137256,0.5102040816326531,0.10647181628392484,0.05970149253731343,0.07795654337369382,0.08816705336426914,0.97747269720529,0.9752652683511703,0.8705560713619442,0.8515315856416055,0.0006,0.01999999999999999,0.803478885578852,0.7931210041501823
90,0.22245384752750397,0.2405380755662918,0.2224305272102356,0.24051348865032196,2.3313732526730746e-05,2.4581098841736093e-05,0.9227069165699121,0.9129930394431555,0.8358470888850195,0.783561939448004,0.6907216494845361,0.5555555555555556,0.6473429951690821,0.5,0.6683291770573566,0.5263157894736842,0.6555772994129158,0.5102040816326531,0.10855949895615867,0.05970149253731343,0.07779067838779234,0.08816705336426914,0.9775337461981369,0.9752935804758726,0.8709758501789382,0.8515315856416055,0.0006,0.01999999999999999,0.803478885578852,0.7931200886228386
91,0.22213375568389893,0.24040637910366058,0.22211019694805145,0.24038152396678925,2.356473123654723e-05,2.485453114786651e-05,0.9232045115276165,0.91415313225058,0.8361885497251537,0.7845183602888821,0.6963350785340314,0.5555555555555556,0.642512077294686,0.5,0.6683417085427136,0.5263157894736842,0.6526005888125612,0.5102040816326531,0.11064718162839249,0.05970149253731343,0.07729308343008791,0.08700696055684455,0.9775824616196672,0.9753313718680762,0.8715292155452427,0.8534939056961104,0.0006,0.01999999999999999,0.8046229359959415,0.7943014104741023
92,0.2219204604625702,0.24038399755954742,0.22189666330814362,0.2403588891029358,2.379420584475156e-05,2.5104845917667262e-05,0.9232045115276165,0.91415313225058,0.8361885497251537,0.7845183602888821,0.6963350785340314,0.5555555555555556,0.642512077294686,0.5,0.6683417085427136,0.5263157894736842,0.6526005888125612,0.5102040816326531,0.11064718162839249,0.05970149253731343,0.07729308343008791,0.08700696055684455,0.9776291964134217,0.9754399302070452,0.8715292155452427,0.8534939056961104,0.0006,0.01999999999999999,0.8046229359959415,0.794294581718962
93,0.22176991403102875,0.24042415618896484,0.22174589335918427,0.2403988093137741,2.4018119802349247e-05,2.534208215365652e-05,0.9232045115276165,0.91415313225058,0.835105456813079,0.7845183602888821,0.7005347593582888,0.5555555555555556,0.6328502415458938,0.5,0.6649746192893401,0.5263157894736842,0.6453201970443351,0.5102040816326531,0.1127348643006263,0.05970149253731343,0.07729308343008791,0.08700696055684455,0.9776835695880605,0.9754831869560999,0.8712188682961303,0.8534939056961104,0.0006,0.01999999999999999,0.8046229359959415,0.7942802567856715
94,0.2216213345527649,0.24040181934833527,0.2215971052646637,0.24037624895572662,2.423494152026251e-05,2.5569086574250832e-05,0.9233703765135179,0.91415313225058,0.8351885517661385,0.7845183602888821,0.712707182320442,0.5555555555555556,0.6231884057971014,0.5,0.6649484536082474,0.5263157894736842,0.6392467789890981,0.5102040816326531,0.1127348643006263,0.05970149253731343,0.07712721844418644,0.08700696055684455,0.9777265642166374,0.9754783927176063,0.8710168197458444,0.8534939056961104,0.00035999999999999997,0.01999999999999999,0.8046229359959415,0.7942766526418135
95,0.2215190827846527,0.24036844074726105,0.2214946150779724,0.2403426170349121,2.447366750857327e-05,2.5819153961492702e-05,0.9235362414994195,0.91415313225058,0.8352974840546862,0.7845183602888821,0.7191011235955056,0.5555555555555556,0.6183574879227053,0.5,0.6649350649350649,0.5263157894736842,0.6361829025844931,0.5102040816326531,0.11482254697286012,0.05970149253731343,0.07696135345828496,0.08700696055684455,0.9777552038841129,0.9754769208032471,0.8710561886185539,0.8534939056961104,0.00035999999999999997,0.01999999999999999,0.8046229359959415,0.7942772455590175
96,0.22140714526176453,0.2403355836868286,0.22138242423534393,0.24030950665473938,2.4714723622309975e-05,2.6074660127051175e-05,0.9233703765135179,0.91415313225058,0.8346142288180407,0.7845183602888821,0.7215909090909091,0.5555555555555556,0.6135265700483091,0.5,0.6631853785900783,0.5263157894736842,0.6324701195219122,0.5102040816326531,0.1127348643006263,0.05970149253731343,0.07712721844418644,0.08700696055684455,0.9777893371791667,0.9754950376059318,0.8706322963433791,0.8534939056961104,0.00035999999999999997,0.01999999999999999,0.8046229359959415,0.7942772647815154
97,0.22124812006950378,0.2402266561985016,0.2212231606245041,0.24020031094551086,2.496491651982069e-05,2.634028896864038e-05,0.9233703765135179,0.91415313225058,0.8346142288180407,0.7845183602888821,0.7215909090909091,0.5555555555555556,0.6135265700483091,0.5,0.6631853785900783,0.5263157894736842,0.6324701195219122,0.5102040816326531,0.1127348643006263,0.05970149253731343,0.07712721844418644,0.08700696055684455,0.9778180471518386,0.9755412381837046,0.8706322963433791,0.8534939056961104,0.00035999999999999997,0.01999999999999999,0.8046229359959415,0.7942878648715422
98,0.22118838131427765,0.24022121727466583,0.22116318345069885,0.240194633603096,2.5200144591508433e-05,2.6590216293698177e-05,0.9233703765135179,0.91415313225058,0.8351515802010093,0.7845183602888821,0.7257142857142858,0.5555555555555556,0.6135265700483091,0.5,0.6649214659685864,0.5263157894736842,0.6331006979062811,0.5102040816326531,0.1127348643006263,0.05970149253731343,0.07712721844418644,0.08700696055684455,0.9778527473287202,0.9755726980187388,0.8705460026939694,0.8534939056961104,0.00035999999999999997,0.01999999999999999,0.8046229359959415,0.7942858311610624
99,0.22110852599143982,0.24021486937999725,0.22108308970928192,0.24018801748752594,2.5439236196689308e-05,2.6847290428122506e-05,0.9232045115276165,0.91415313225058,0.8344790597423813,0.7845183602888821,0.7215909090909091,0.5555555555555556,0.6135265700483091,0.5,0.6631853785900783,0.5263157894736842,0.6324701195219122,0.5102040816326531,0.1127348643006263,0.05970149253731343,0.07729308343008791,0.08700696055684455,0.9778875507211988,0.9755962801782746,0.870350028607218,0.8534939056961104,0.00035999999999999997,0.01999999999999999,0.8046229359959415,0.7942829512136386
100,0.22095522284507751,0.2401415854692459,0.22092953324317932,0.2401144653558731,2.5690736947581172e-05,2.7119353035232052e-05,0.9233703765135179,0.91415313225058,0.8345985221319152,0.7845183602888821,0.7215909090909091,0.5555555555555556,0.6135265700483091,0.5,0.6631853785900783,0.5263157894736842,0.6324701195219122,0.5102040816326531,0.11482254697286012,0.05970149253731343,0.07712721844418644,0.08700696055684455,0.9779228079060941,0.9755931529361009,0.870617124266991,0.8534939056961104,0.00035999999999999997,0.01999999999999999,0.8046229359959415,0.7942877772527144
