train_loss,train_eval_loss,train_monitor_loss,train_optim_loss,train_objective_loss,train_NLL,train_Objective,val_loss,val_monitor_loss,val_NLL,val_Objective,train_acc,val_acc,train_f1,val_f1,train_f1_weighted,val_f1_weighted,train_qwk,val_qwk,train_auc,val_auc,loss_gap,generalization_score,checkpoint_score,train_chgacc,val_chgacc,train_persistence_rate,val_persistence_rate,lr,epoch
0.7096384936658136,0.7096384936658136,0.7096384936658136,0.9731851465945697,0.7096384936658136,0.7096384936658136,0.7096384936658136,0.758290950898771,0.758290950898771,0.758290950898771,0.758290950898771,0.7417067032715625,0.6809744779582366,0.7219901145662001,0.44557734204793026,0.7226914221223983,0.6590055047541059,0.7292999472486097,0.38324203764831843,0.9153636562673187,0.8435349957534092,0.04865245723295741,0.3069405966796022,0.5602416466663648,0.38413361169102295,0.43283582089552236,0.7427362159688858,0.6809744779582366,5.6242661106559356e-05,1
0.4794238672530564,0.4794238672530564,0.4794238672530564,0.6504753298350494,0.4794238672530564,0.4794238672530564,0.4794238672530564,0.6095992437115422,0.6095992437115422,0.6095992437115422,0.6095992437115422,0.8011896591169069,0.7389791183294664,0.8021153846718398,0.4999941516784183,0.7944182204092489,0.726457631975305,0.7896391462220629,0.4574020763917448,0.935256541549981,0.865924684304701,0.13017537645848576,0.40316009217953297,0.6280958168876303,0.4384133611691023,0.47761194029850745,0.7991306337222603,0.7354988399071926,5.6242661106559356e-05,2
0.421694963878143,0.421694963878143,0.421694963878143,0.49571426191034107,0.421694963878143,0.421694963878143,0.421694963878143,0.554657056927681,0.554657056927681,0.554657056927681,0.554657056927681,0.8272706474490963,0.7610208816705336,0.831393030378501,0.49682970074560034,0.8231009376592662,0.7457440311883908,0.8209270874836843,0.4934026682033762,0.9504392561308623,0.8951095015029085,0.132962093049538,0.43232276580291495,0.6506120543160511,0.4551148225469729,0.4925373134328358,0.8253260123541524,0.7575406032482599,5.6242661106559356e-05,3
0.3762510652657272,0.3762510652657272,0.3762510652657272,0.4399354916310658,0.3762510652657272,0.3762510652657272,0.3762510652657272,0.49758982106491373,0.49758982106491373,0.49758982106491373,0.49758982106491373,0.8446579730038892,0.7877030162412993,0.8498360827163131,0.5235110077786389,0.8420106664333475,0.7736487810784098,0.8399704036701787,0.5350373321472846,0.9613969955206143,0.9178309551754752,0.12133875579918652,0.4739060767707883,0.6769788080311858,0.4175365344467641,0.43283582089552236,0.8476321207961565,0.7935034802784223,5.6242661106559356e-05,4
0.33982666486867424,0.33982666486867424,0.33982666486867424,0.41162410721074055,0.33982666486867424,0.33982666486867424,0.33982666486867424,0.4482022234135204,0.4482022234135204,0.4482022234135204,0.4482022234135204,0.8620452985586822,0.820185614849188,0.8666919401910101,0.5519370460048426,0.8602362411422839,0.8046659325966417,0.8565884041623085,0.6012872495374562,0.9681898758002075,0.931683941246428,0.10837555854484615,0.5199402654827482,0.7123878187490447,0.3987473903966597,0.417910447761194,0.8681079844429193,0.8283062645011601,5.6242661106559356e-05,5
0.32047917844131113,0.32047917844131113,0.32047917844131113,0.3991877705837688,0.32047917844131113,0.32047917844131113,0.32047917844131113,0.4259364196547755,0.4259364196547755,0.4259364196547755,0.4259364196547755,0.8726835964310227,0.8294663573085846,0.8772279605076165,0.5436087591079769,0.8714199966887872,0.812730146909754,0.8671440816213676,0.6186584286849721,0.9711345621058703,0.9368916061733857,0.10545724121346439,0.5308334127082329,0.7199682782742468,0.3903966597077244,0.40298507462686567,0.8800045756119881,0.8422273781902552,5.6242661106559356e-05,6
0.3032657236887319,0.3032657236887319,0.3032657236887319,0.3801989940124272,0.3032657236887319,0.3032657236887319,0.3032657236887319,0.40564783110662744,0.40564783110662744,0.40564783110662744,0.40564783110662744,0.8828643331045527,0.8503480278422274,0.8864152615399887,0.5615717301295304,0.8820111291515018,0.834742100643712,0.8767751586721353,0.6644407845485851,0.9730601864802534,0.9406441187964791,0.10238210741789555,0.5591042143924411,0.7416617225013613,0.348643006263048,0.373134328358209,0.8949897048730268,0.8677494199535963,5.6242661106559356e-05,7
0.29211042293629536,0.29211042293629536,0.29211042293629536,0.37256238642182665,0.29211042293629536,0.29211042293629536,0.29211042293629536,0.39451498814203123,0.39451498814203123,0.39451498814203123,0.39451498814203123,0.8870967741935484,0.851508120649652,0.890837210931226,0.5623720748321491,0.8863481632151734,0.8358182151736601,0.8815408818187344,0.6664403157595155,0.9748440497743451,0.9432416612165364,0.10240456520573588,0.5629614738511078,0.7415602538583492,0.3444676409185804,0.34328358208955223,0.8997940974605353,0.8735498839907193,5.6242661106559356e-05,8
0.2808578609909317,0.2808578609909317,0.2808578609909317,0.3584870662893692,0.2808578609909317,0.2808578609909317,0.2808578609909317,0.3848384842276573,0.3848384842276573,0.3848384842276573,0.3848384842276573,0.8936170212765957,0.8596287703016241,0.8970863811558513,0.5880889544044913,0.8931245929199627,0.8450184747213431,0.8890683826631808,0.6874671814285642,0.9757583487679528,0.9441941356647288,0.10398062323672563,0.5794232789298869,0.7526365906325835,0.34237995824634654,0.3283582089552239,0.9073438572409059,0.8839907192575406,5.6242661106559356e-05,9
0.27686095202276245,0.27686095202276245,0.27686095202276245,0.363483642139574,0.27686095202276245,0.27686095202276245,0.27686095202276245,0.38198544333378476,0.38198544333378476,0.38198544333378476,0.38198544333378476,0.894646533973919,0.8561484918793504,0.8978784455663672,0.5843560133071118,0.8940102464673311,0.8407717534120785,0.8907500664700172,0.6796890692162455,0.976669861523788,0.9453764815016178,0.1051244913110223,0.5757918712590819,0.7497192840529231,0.3465553235908142,0.34328358208955223,0.908144589338824,0.8781902552204176,5.6242661106559356e-05,10
0.27732068669138243,0.27732068669138243,0.27732068669138243,0.3521129877381299,0.27732068669138243,0.27732068669138243,0.27732068669138243,0.38430913344577505,0.38430913344577505,0.38430913344577505,0.38430913344577505,0.8931594600777853,0.8584686774941995,0.8968236009453192,0.5862893697233645,0.892504761521755,0.8428852706522271,0.893481811840363,0.6959650112866818,0.9767480651192012,0.9451339886641444,0.10698844675439262,0.5796227153354128,0.7533751449886746,0.35908141962421714,0.34328358208955223,0.9056280027453671,0.8805104408352669,5.6242661106559356e-05,11
0.26934031846068024,0.26934031846068024,0.26934031846068024,0.3598152245020997,0.26934031846068024,0.26934031846068024,0.26934031846068024,0.37508629731557985,0.37508629731557985,0.37508629731557985,0.37508629731557985,0.897963852665294,0.8596287703016241,0.9011891790977932,0.5870895646176545,0.8973532965516609,0.8441648465111016,0.8977690783592555,0.7049223241343898,0.977776512174384,0.947160902465113,0.10574597885489961,0.58435657148673,0.7558407596386824,0.3569937369519833,0.34328358208955223,0.9107755662319835,0.8816705336426914,5.6242661106559356e-05,12
0.2639979753894959,0.2639979753894959,0.2639979753894959,0.34817400881952615,0.2639979753894959,0.2639979753894959,0.2639979753894959,0.3688913869361083,0.3688913869361083,0.3688913869361083,0.3688913869361083,0.9027682452528025,0.8689095127610209,0.9051865931635089,0.5947925458392964,0.9023261140985819,0.8551599587950156,0.902135669937094,0.7264089186883815,0.9781330090160893,0.947870473362341,0.10489341154661241,0.5969650981120347,0.7664583605407228,0.3465553235908142,0.34328358208955223,0.916723861816518,0.8909512761020881,5.6242661106559356e-05,13
0.2645945737077209,0.2645945737077209,0.2645945737077209,0.34382378546534664,0.2645945737077209,0.2645945737077209,0.2645945737077209,0.3734002113342285,0.3734002113342285,0.3734002113342285,0.3734002113342285,0.8984214138641043,0.8584686774941995,0.9019127553506974,0.5866569668037168,0.8977803306887883,0.84264854892864,0.899016726933995,0.7013197230048611,0.9787901434537226,0.9484479099455071,0.10880563762650763,0.5832763044684556,0.75456465823983,0.3653444676409186,0.34328358208955223,0.9102036147334706,0.8805104408352669,5.6242661106559356e-05,14
0.25607380455821704,0.25607380455821704,0.25607380455821704,0.3421904784593269,0.25607380455821704,0.25607380455821704,0.25607380455821704,0.3637619889168828,0.3637619889168828,0.3637619889168828,0.3637619889168828,0.9027682452528025,0.87122969837587,0.9059470870821711,0.6168363788145572,0.9023404141493844,0.8575502506312985,0.9040775286401425,0.7278658622141153,0.9792924742381685,0.9490367993018867,0.10768818435866573,0.6045544866241719,0.7729627174481752,0.35908141962421714,0.373134328358209,0.9156943491191947,0.888631090487239,5.6242661106559356e-05,15
0.254975318537445,0.254975318537445,0.254975318537445,0.33932403698019736,0.254975318537445,0.254975318537445,0.254975318537445,0.3631523109420582,0.3631523109420582,0.3631523109420582,0.3631523109420582,0.9027682452528025,0.8642691415313225,0.9060573505169365,0.6107915108356821,0.9022453743838058,0.8501421693586395,0.904210490901243,0.7141249183458118,0.9798116253875033,0.9498472320781919,0.1081769924046132,0.5971996246299014,0.764770437348952,0.36325678496868474,0.3582089552238806,0.9152367879203843,0.8839907192575406,5.6242661106559356e-05,16
0.2484023427272418,0.2484023427272418,0.2484023427272418,0.3265385288663589,0.2484023427272418,0.2484023427272418,0.2484023427272418,0.3588408375227893,0.3588408375227893,0.3588408375227893,0.3588408375227893,0.9074582475406086,0.8689095127610209,0.9108085723847162,0.6148304896293681,0.9071047158534419,0.8550879646706802,0.9093705463062135,0.7232939099381064,0.9803343768237872,0.9505701072361489,0.11043849479554749,0.603289384461963,0.7698742036618436,0.3653444676409186,0.3582089552238806,0.920041180507893,0.888631090487239,5.6242661106559356e-05,17
0.24229823413000562,0.24229823413000562,0.24229823413000562,0.3292467040247726,0.24229823413000562,0.24229823413000562,0.24229823413000562,0.3528460286281727,0.3528460286281727,0.3528460286281727,0.3528460286281727,0.9099748341340654,0.8735498839907193,0.913273222087715,0.6367501625432023,0.9097180630807947,0.8611840163720644,0.9107419067299611,0.7335792622133599,0.9811233808602267,0.951775724014126,0.1105477944981671,0.6145098039868984,0.7775488294749573,0.36116910229645094,0.3582089552238806,0.9230153283001602,0.8932714617169374,5.6242661106559356e-05,18
0.24195286535949803,0.24195286535949803,0.24195286535949803,0.3214876425527308,0.24195286535949803,0.24195286535949803,0.24195286535949803,0.3513844275364169,0.3513844275364169,0.3513844275364169,0.3513844275364169,0.9083733699382293,0.8735498839907193,0.9116271877105945,0.6367501625432023,0.9079939788038686,0.8611840163720644,0.9090966612597617,0.7335792622133599,0.981193595162312,0.9521224705019796,0.10943156217691888,0.6148752042598373,0.7785174319176048,0.3653444676409186,0.373134328358209,0.9207275223061084,0.8921113689095128,5.6242661106559356e-05,19
0.23248872530164416,0.23248872530164416,0.23248872530164416,0.3170851425260958,0.23248872530164416,0.23248872530164416,0.23248872530164416,0.340496133323069,0.340496133323069,0.340496133323069,0.340496133323069,0.9175245939144361,0.8839907192575406,0.9199945250304262,0.6456527591720923,0.9173805261508108,0.8721696822184397,0.9189686890557305,0.7539209309945933,0.9821411007958649,0.9544134249149114,0.10800740802142483,0.6287101823753398,0.7899778126685815,0.35073068893528186,0.373134328358209,0.9321665522763669,0.9025522041763341,5.6242661106559356e-05,20
0.22940681073830763,0.22940681073830763,0.22940681073830763,0.3113287567521316,0.22940681073830763,0.22940681073830763,0.22940681073830763,0.33833122681136485,0.33833122681136485,0.33833122681136485,0.33833122681136485,0.9176389842141386,0.8851508120649652,0.9199379287719847,0.6464656339599593,0.9174758448260744,0.8732578693254978,0.9191067828970552,0.755950488754669,0.9826343437965847,0.9552874994870874,0.10892441607305722,0.6303396554069391,0.7903307494509914,0.3444676409185804,0.3582089552238806,0.9329672843742851,0.9060324825986079,5.6242661106559356e-05,21
0.22717892088059777,0.22717892088059777,0.22717892088059777,0.30615542674042884,0.22717892088059777,0.22717892088059777,0.22717892088059777,0.3374500643048022,0.3374500643048022,0.3374500643048022,0.3374500643048022,0.9175245939144361,0.8805104408352669,0.9200838381054689,0.6425286440141399,0.9173584761663348,0.868389934100946,0.9190546238489637,0.7469297983718477,0.9830102346334205,0.9557357181125631,0.11027114342420441,0.6256361163643158,0.7846351421689606,0.3444676409185804,0.34328358208955223,0.9328528940745825,0.9025522041763341,5.6242661106559356e-05,22
0.22195469714579236,0.22195469714579236,0.22195469714579236,0.29746308849349506,0.22195469714579236,0.22195469714579236,0.22195469714579236,0.3329935465697889,0.3329935465697889,0.3329935465697889,0.3329935465697889,0.9212994738046214,0.8851508120649652,0.9233361961279033,0.6466313631772941,0.9212081620969302,0.8733822678787841,0.9220334812310782,0.7561709096322763,0.9836343647051612,0.9567145172676292,0.11103884942399656,0.6318124109297593,0.7906663632140549,0.36116910229645094,0.3582089552238806,0.9352550903683368,0.9060324825986079,5.6242661106559356e-05,23
0.2193353384903103,0.2193353384903103,0.2193353384903103,0.296985757312853,0.2193353384903103,0.2193353384903103,0.2193353384903103,0.33059862104279025,0.33059862104279025,0.33059862104279025,0.33059862104279025,0.9219858156028369,0.8816705336426914,0.9240599662528148,0.6421075457313593,0.9218019875689539,0.8699566928554635,0.9228945679979336,0.7504836738430175,0.9843361017451446,0.9578288615506249,0.11126328255247994,0.6286794125196763,0.7871344348184015,0.36116910229645094,0.3582089552238806,0.9359414321665522,0.9025522041763341,5.6242661106559356e-05,24
0.2143145019079842,0.2143145019079842,0.2143145019079842,0.2927281833967588,0.2143145019079842,0.2143145019079842,0.2143145019079842,0.32702867852316964,0.32702867852316964,0.32702867852316964,0.32702867852316964,0.9243880118965911,0.888631090487239,0.9261032073158489,0.6493964812181967,0.924289893564499,0.8768922552630029,0.924707680700066,0.7626946294909251,0.9848493876577011,0.9586318340004562,0.11271417661518543,0.6368412171770789,0.7945208096730738,0.36325678496868474,0.3582089552238806,0.938229238160604,0.9095127610208816,5.6242661106559356e-05,25
0.20970627968169178,0.20970627968169178,0.20970627968169178,0.2838948292616945,0.20970627968169178,0.20970627968169178,0.20970627968169178,0.3203758416628396,0.3203758416628396,0.3203758416628396,0.3203758416628396,0.9266758178906429,0.8909512761020881,0.9283237958695166,0.6682396682396682,0.9265726192575745,0.8804044349287968,0.9270192201246444,0.7681709393273952,0.9855204189866773,0.9600346535041197,0.11066956198114783,0.6453917531403466,0.7996104799986078,0.36325678496868474,0.3582089552238806,0.9405170441546556,0.9118329466357309,5.6242661106559356e-05,26
0.2068421690643553,0.2068421690643553,0.2068421690643553,0.2808956714333409,0.2068421690643553,0.2068421690643553,0.2068421690643553,0.32034051542480785,0.32034051542480785,0.32034051542480785,0.32034051542480785,0.9275909402882636,0.8897911832946636,0.9292924941506149,0.6500527390600161,0.9274843365427552,0.8778625463010669,0.928628822134139,0.7645136295001191,0.9861914028469067,0.9614394731571363,0.11349834636045256,0.6394702001975565,0.7959301494168257,0.36325678496868474,0.3582089552238806,0.9414321665522764,0.9106728538283063,5.6242661106559356e-05,27
0.20194636277387773,0.20194636277387773,0.20194636277387773,0.2724310520927619,0.20194636277387773,0.20194636277387773,0.20194636277387773,0.31455094781186843,0.31455094781186843,0.31455094781186843,0.31455094781186843,0.9301075268817204,0.8921113689095128,0.9316719465497529,0.6521562706262005,0.9300432101803207,0.8803984881791121,0.9315705124926493,0.7692124625666859,0.9866897686057124,0.962550845996342,0.1126045850379907,0.6434941299363566,0.7986988776111724,0.36116910229645094,0.3582089552238806,0.9441775337451385,0.9129930394431555,5.6242661106559356e-05,28
0.1962808500249932,0.1962808500249932,0.1962808500249932,0.26575478711539374,0.1962808500249932,0.1962808500249932,0.1962808500249932,0.30559850815269685,0.30559850815269685,0.30559850815269685,0.30559850815269685,0.9321665522763669,0.8967517401392111,0.9333869608068878,0.6707988717615673,0.9320990532371377,0.8864092910597136,0.9334074862494562,0.7798406664112614,0.9873031787180333,0.9642990316183332,0.10931765812770364,0.6547520902332544,0.8061539337496757,0.34237995824634654,0.3582089552238806,0.948409974834134,0.9176334106728539,5.6242661106559356e-05,29
0.19300839958395788,0.19300839958395788,0.19300839958395788,0.2620643635355208,0.19300839958395788,0.19300839958395788,0.19300839958395788,0.30234470480570086,0.30234470480570086,0.30234470480570086,0.30234470480570086,0.9333104552733928,0.8967517401392111,0.9341468711774116,0.6727857507210725,0.9332456550675855,0.8862093302316314,0.9349085943806378,0.7789045852734591,0.9876868357121429,0.9650756603805529,0.10933630522174298,0.6557341794222491,0.8064067267065749,0.35073068893528186,0.3582089552238806,0.9487531457332419,0.9176334106728539,5.6242661106559356e-05,30
0.1897166791761952,0.1897166791761952,0.1897166791761952,0.26507009213695126,0.1897166791761952,0.1897166791761952,0.1897166791761952,0.3010830844717997,0.3010830844717997,0.3010830844717997,0.3010830844717997,0.9337680164722032,0.8979118329466357,0.9346537015615963,0.6736069402736069,0.9336790111927831,0.8873042747752724,0.9353379157131642,0.7809321720249698,0.9882775779037447,0.9658230842480342,0.11136640529560451,0.6571426840943744,0.8076119991574716,0.3569937369519833,0.3582089552238806,0.948409974834134,0.9187935034802784,5.6242661106559356e-05,31
0.18551987317385177,0.18551987317385177,0.18551987317385177,0.2501389146459554,0.18551987317385177,0.18551987317385177,0.18551987317385177,0.2976191001081908,0.2976191001081908,0.2976191001081908,0.2976191001081908,0.9353694806680394,0.8955916473317865,0.9361191758455564,0.669978009783835,0.9352942600961445,0.885314665730497,0.9364170697150412,0.7778230537731542,0.9886621204850001,0.9666157260757678,0.11209922693433905,0.6556558696698123,0.8054120063788804,0.3695198329853862,0.3582089552238806,0.9488675360329444,0.9164733178654292,5.6242661106559356e-05,32
0.1792235220359552,0.1792235220359552,0.1792235220359552,0.24021552384824213,0.1792235220359552,0.1792235220359552,0.1792235220359552,0.28487262819652204,0.28487262819652204,0.28487262819652204,0.28487262819652204,0.9386867993594143,0.9013921113689095,0.9390819804361493,0.6766375637943396,0.9386830467435463,0.8910146900072897,0.9393743781474164,0.7877892663712457,0.9891697857006899,0.9686139896894257,0.10564910616056683,0.6649515199360932,0.812086667636622,0.3569937369519833,0.3582089552238806,0.953671928620453,0.9222737819025522,5.6242661106559356e-05,33
0.17838825267572528,0.17838825267572528,0.17838825267572528,0.24479402713205692,0.17838825267572528,0.17838825267572528,0.17838825267572528,0.2874802098506027,0.2874802098506027,0.2874802098506027,0.2874802098506027,0.9378860672614963,0.8990719257540604,0.9385642011720093,0.6744294218904184,0.9378412862623516,0.8883999590882611,0.9390404380306389,0.7829615806155396,0.989647372190676,0.9693895403519159,0.10909195717487741,0.661637484408169,0.8103303635376756,0.37160751565762007,0.373134328358209,0.9509265614275909,0.9176334106728539,5.6242661106559356e-05,34
0.175894072655679,0.175894072655679,0.175894072655679,0.22816867117572875,0.175894072655679,0.175894072655679,0.175894072655679,0.2829852591234225,0.2829852591234225,0.2829852591234225,0.2829852591234225,0.9386867993594143,0.8979118329466357,0.939120536068712,0.6716210279473538,0.9386048001138361,0.8875046582473415,0.9397943514633197,0.7818600834369334,0.9900291984224103,0.9707159594488245,0.10709118646774349,0.661497455509881,0.8093215217282078,0.37995824634655534,0.373134328358209,0.9508121711278884,0.9164733178654292,5.6242661106559356e-05,35
0.16944547429436724,0.16944547429436724,0.16944547429436724,0.22884878992055455,0.16944547429436724,0.16944547429436724,0.16944547429436724,0.2782076437164236,0.2782076437164236,0.2782076437164236,0.2782076437164236,0.9418897277510867,0.9037122969837587,0.9422206633467854,0.6782839703863063,0.9418764211659582,0.8932082072178442,0.942668612215426,0.7918469529563665,0.9905151620201047,0.9710568404249723,0.10876216942205635,0.6688071176969497,0.8156012600475585,0.38204592901878914,0.373134328358209,0.9542438801189659,0.9222737819025522,5.6242661106559356e-05,36
0.16667221919952802,0.16667221919952802,0.16667221919952802,0.2262109530423462,0.16667221919952802,0.16667221919952802,0.16667221919952802,0.275233483010972,0.275233483010972,0.275233483010972,0.275233483010972,0.9432624113475178,0.9037122969837587,0.9431837611251125,0.6782839703863063,0.9432258054825643,0.8932082072178442,0.9438732528816436,0.7918469529563665,0.9909061285515374,0.9720619652452227,0.10856126381144399,0.6695506578733125,0.8157499680828311,0.3945720250521921,0.373134328358209,0.9542438801189659,0.9222737819025522,5.6242661106559356e-05,37
0.16398567324703947,0.16398567324703947,0.16398567324703947,0.2241210821118668,0.16398567324703947,0.16398567324703947,0.16398567324703947,0.27180292057218375,0.27180292057218375,0.27180292057218375,0.27180292057218375,0.9440631434454358,0.9037122969837587,0.9438583285564336,0.67644664361764,0.9440358142741789,0.8935233726301112,0.9451123353572001,0.7929124052519587,0.9911753803319907,0.9726250088955979,0.10781724732514428,0.6703534507132429,0.8158856010422098,0.3966597077244259,0.373134328358209,0.9548158316174788,0.9222737819025522,5.6242661106559356e-05,38
0.16051659082463265,0.16051659082463265,0.16051659082463265,0.21859584221222106,0.16051659082463265,0.16051659082463265,0.16051659082463265,0.2711171513354337,0.2711171513354337,0.2711171513354337,0.2711171513354337,0.9445207046442462,0.9037122969837587,0.9442898271508051,0.6781866582867835,0.944505689191504,0.8933478546538955,0.9460583256908681,0.7984900906044067,0.9914405722485322,0.972654515596434,0.11060056051080103,0.6718239206249749,0.8158708978828597,0.3987473903966597,0.3582089552238806,0.955044612216884,0.9245939675174014,5.6242661106559356e-05,39
0.15597167577363363,0.15597167577363363,0.15597167577363363,0.21435956917975071,0.15597167577363363,0.15597167577363363,0.15597167577363363,0.26397677786924223,0.26397677786924223,0.26397677786924223,0.26397677786924223,0.9468085106382979,0.9071925754060325,0.9461772363695148,0.6967498757678604,0.9467932595181207,0.8977545118951922,0.9492042474745629,0.8055912375834714,0.9919359812855971,0.9739485758120496,0.1080051020956086,0.6811744569142396,0.821910583374402,0.3945720250521921,0.3582089552238806,0.9579043697094486,0.9280742459396751,5.6242661106559356e-05,40
0.1581915414389229,0.1581915414389229,0.1581915414389229,0.21178735853818648,0.1581915414389229,0.1581915414389229,0.1581915414389229,0.2682499831749333,0.2682499831749333,0.2682499831749333,0.2682499831749333,0.9476092427362159,0.9060324825986079,0.9466352342906128,0.6934692678481498,0.9475506561120057,0.8969718570315189,0.9499801848590992,0.8109538569506989,0.9918474492637012,0.9737945179110699,0.11005844173601043,0.6799583658997448,0.8220981607355572,0.4154488517745303,0.373134328358209,0.956417295813315,0.925754060324826,5.6242661106559356e-05,41
0.15186952063018255,0.15186952063018255,0.15186952063018255,0.20890070799819743,0.15186952063018255,0.15186952063018255,0.15186952063018255,0.26386401015851235,0.26386401015851235,0.26386401015851235,0.26386401015851235,0.9487531457332419,0.9060324825986079,0.9478979089827809,0.6795060475344666,0.948726814050178,0.8957247003510598,0.9525859660115195,0.8156244929267897,0.9923931034096838,0.9747104129223298,0.1119944895283298,0.6782000868203066,0.8209778610633846,0.42379958246346555,0.373134328358209,0.9566460764127201,0.925754060324826,5.6242661106559356e-05,42
0.14902952130749486,0.14902952130749486,0.14902952130749486,0.21030374965800422,0.14902952130749486,0.14902952130749486,0.14902952130749486,0.2609369683044928,0.2609369683044928,0.2609369683044928,0.2609369683044928,0.9480668039350263,0.9071925754060325,0.9470205046481649,0.6941971152647309,0.9480576370743491,0.8982137256114021,0.9532107425475772,0.8195159955202804,0.9925683837523251,0.9748435614693385,0.11190744699699795,0.6841088652814691,0.8244053944016585,0.4112734864300626,0.373134328358209,0.9574468085106383,0.9269141531322506,5.6242661106559356e-05,43
0.14357891349573743,0.14357891349573743,0.14357891349573743,0.19831299974861807,0.14357891349573743,0.14357891349573743,0.14357891349573743,0.2574736360046599,0.2574736360046599,0.2574736360046599,0.2574736360046599,0.9501258293296728,0.9060324825986079,0.9492580732128669,0.677671205841721,0.950128034968303,0.8960446398766964,0.9548853389506495,0.816566136867286,0.9930980133779197,0.9756559925092883,0.11389472250892246,0.6797234808584733,0.821247785155422,0.42379958246346555,0.373134328358209,0.9581331503088538,0.925754060324826,5.6242661106559356e-05,44
0.14107708416737175,0.14107708416737175,0.14107708416737175,0.1950386601235092,0.14107708416737175,0.14107708416737175,0.14107708416737175,0.25555851379478417,0.25555851379478417,0.25555851379478417,0.25555851379478417,0.9521848547243194,0.9083526682134571,0.9511794112631956,0.6815468723965455,0.9522070419731774,0.8982199612289236,0.9565790052622113,0.820184846149693,0.9932828904337702,0.975915433352726,0.11448142962741242,0.6827939363999505,0.8247364431175656,0.430062630480167,0.3880597014925373,0.9595058339052849,0.925754060324826,5.6242661106559356e-05,45
0.13880554572752551,0.13880554572752551,0.13880554572752551,0.1922814555765286,0.13880554572752551,0.13880554572752551,0.13880554572752551,0.2517491104426207,0.2517491104426207,0.2517491104426207,0.2517491104426207,0.9526424159231297,0.9083526682134571,0.9515451543142466,0.6794479310571674,0.9526253091173036,0.8983369887589823,0.9570619836666732,0.82078300728413,0.9935830991881963,0.9768548491459921,0.1129435647150952,0.6834507029125563,0.8238723622279316,0.44467640918580376,0.373134328358209,0.9583619309082589,0.9280742459396751,5.6242661106559356e-05,46
0.13441109254514383,0.13441109254514383,0.13441109254514383,0.19222686630775676,0.13441109254514383,0.13441109254514383,0.13441109254514383,0.24614847341069468,0.24614847341069468,0.24614847341069468,0.24614847341069468,0.9534431480210478,0.9118329466357309,0.9522157686847775,0.6980110423779787,0.9534589963620896,0.9030012094578678,0.9576894421729792,0.8282150738332021,0.9938489621648164,0.9773585585769461,0.11173738086555085,0.6926046289893919,0.8299211199292958,0.4384133611691023,0.373134328358209,0.9598490048043926,0.931554524361949,5.6242661106559356e-05,47
0.13449202956610157,0.13449202956610157,0.13449202956610157,0.19012071006000042,0.13449202956610157,0.13449202956610157,0.13449202956610157,0.24899693702658018,0.24899693702658018,0.24899693702658018,0.24899693702658018,0.9530999771219401,0.9129930394431555,0.9517393692011772,0.701053389499319,0.9530945079228001,0.9038141251075761,0.9573928666348213,0.8293686674910434,0.9938938399946698,0.9771933973152614,0.11450490746047862,0.6931759341353809,0.8319273051068713,0.4488517745302714,0.3880597014925373,0.9583619309082589,0.9303944315545244,5.6242661106559356e-05,48
0.13611662673399363,0.13611662673399363,0.13611662673399363,0.18999809531127884,0.13611662673399363,0.13611662673399363,0.13611662673399363,0.24805956527038855,0.24805956527038855,0.24805956527038855,0.24805956527038855,0.9535575383207504,0.9118329466357309,0.9521146785926936,0.7124884814166856,0.9535067013443175,0.9036910407259056,0.9579218574221002,0.8286298925481982,0.9939843357897284,0.9778269874531561,0.11194293853639492,0.6957314756157021,0.8335278506711217,0.4488517745302714,0.40298507462686567,0.9588194921070693,0.9269141531322506,5.6242661106559356e-05,49
0.12977595081197982,0.12977595081197982,0.12977595081197982,0.18730819376226324,0.12977595081197982,0.12977595081197982,0.12977595081197982,0.24510681801648052,0.24510681801648052,0.24510681801648052,0.24510681801648052,0.9556165637153969,0.91415313225058,0.9543932517684196,0.702002005785003,0.9556242470996005,0.9050069933802158,0.9598273267388222,0.8315501490058137,0.9943079639289492,0.9781465426119766,0.1153308672045007,0.6953462602797349,0.8342109097304263,0.46764091858037576,0.40298507462686567,0.9588194921070693,0.9292343387470998,5.6242661106559356e-05,50
0.12783452193555175,0.12783452193555175,0.12783452193555175,0.1816815520725111,0.12783452193555175,0.12783452193555175,0.12783452193555175,0.24100291832453674,0.24100291832453674,0.24100291832453674,0.24100291832453674,0.9548158316174788,0.9164733178654292,0.953549832267543,0.7188592411968248,0.9547957185163278,0.9082279250265332,0.9592301312479059,0.8364501440024908,0.9945466616194913,0.9788782106431296,0.11316839638898499,0.7025732919158821,0.8397087589681619,0.44467640918580376,0.417910447761194,0.9605353466026081,0.9292343387470998,5.6242661106559356e-05,51
0.12835337230814878,0.12835337230814878,0.12835337230814878,0.18207652688733417,0.12835337230814878,0.12835337230814878,0.12835337230814878,0.24019587660829225,0.24019587660829225,0.24019587660829225,0.24019587660829225,0.9553877831159918,0.9164733178654292,0.954130969126792,0.7331273022413685,0.9553553748764234,0.9090742767943629,0.9597500526925515,0.8371331401939791,0.9945872772248359,0.9790433133241979,0.11184250430014347,0.7064601409731257,0.8425911036285669,0.4592901878914405,0.43283582089552236,0.9595058339052849,0.9269141531322506,5.6242661106559356e-05,52
0.1251174795971452,0.1251174795971452,0.1251174795971452,0.18341979652262516,0.1251174795971452,0.1251174795971452,0.1251174795971452,0.23566779997889642,0.23566779997889642,0.23566779997889642,0.23566779997889642,0.9560741249142073,0.9176334106728539,0.9547709645536796,0.7339569482232021,0.9560437807218497,0.9101757102534616,0.960332921174446,0.83915026439127,0.9948148234893042,0.979640671181001,0.11055032038175122,0.7086884813315398,0.84485614855209,0.46555323590814196,0.44776119402985076,0.9596202242049874,0.925754060324826,5.6242661106559356e-05,53
0.12490948894011984,0.12490948894011984,0.12490948894011984,0.1738912993974059,0.12490948894011984,0.12490948894011984,0.12490948894011984,0.23947511371914987,0.23947511371914987,0.23947511371914987,0.23947511371914987,0.9561885152139099,0.9129930394431555,0.9548170730760644,0.7272719407445715,0.9561545979431759,0.9055984146051643,0.9604357985238013,0.8313502702859379,0.9948179588794243,0.9792969548412064,0.11456562477903003,0.7025733044880692,0.8387951540308054,0.47390396659707723,0.43283582089552236,0.9588194921070693,0.9234338747099768,5.6242661106559356e-05,54
0.12053917813680126,0.12053917813680126,0.12053917813680126,0.17875373208501044,0.12053917813680126,0.12053917813680126,0.12053917813680126,0.23543367189941583,0.23543367189941583,0.23543367189941583,0.23543367189941583,0.9573324182109357,0.919953596287703,0.9560525093475704,0.7191364038799876,0.9573389955334675,0.9120520568869238,0.9615965206484368,0.8437416916019317,0.9950185679419469,0.9797325045042342,0.11489449376261457,0.707251123810553,0.8460801222019622,0.4780793319415449,0.4626865671641791,0.9595058339052849,0.925754060324826,5.6242661106559356e-05,55
0.12041389432337413,0.12041389432337413,0.12041389432337413,0.17266361811028344,0.12041389432337413,0.12041389432337413,0.12041389432337413,0.2375689157181316,0.2375689157181316,0.2375689157181316,0.2375689157181316,0.9571036376115305,0.9176334106728539,0.9558530902845838,0.7173648548936634,0.9571035144364384,0.9097617442474223,0.9614206072009089,0.8395748033779832,0.9950439109501688,0.9795656189630743,0.11715502139475747,0.7044323758788211,0.8436419947509618,0.4780793319415449,0.4626865671641791,0.9592770533058796,0.9234338747099768,5.6242661106559356e-05,56
0.12131470985498528,0.12131470985498528,0.12131470985498528,0.17194195720537084,0.12131470985498528,0.12131470985498528,0.12131470985498528,0.2404852053495469,0.2404852053495469,0.2404852053495469,0.2404852053495469,0.9575611988103409,0.9176334106728539,0.9562850429991352,0.7172462429510102,0.9575488449054521,0.9096698053117859,0.9618365476543346,0.8394335396033616,0.9950199012630268,0.9792735667697992,0.11917049549456162,0.7036058118963335,0.8434484461749036,0.48434237995824636,0.4626865671641791,0.9590482727064745,0.9234338747099768,5.6242661106559356e-05,57
0.11847782656538591,0.11847782656538591,0.11847782656538591,0.16743926185924207,0.11847782656538591,0.11847782656538591,0.11847782656538591,0.23871952798907403,0.23871952798907403,0.23871952798907403,0.23871952798907403,0.9577899794097461,0.9187935034802784,0.9565994470506441,0.7181922341188661,0.9577919312606578,0.9108615773403321,0.9620264499902097,0.8415885635802648,0.9952429697814881,0.9796442425273959,0.12024170142368812,0.7052391396234957,0.8447266190852973,0.48434237995824636,0.4626865671641791,0.9592770533058796,0.9245939675174014,5.6242661106559356e-05,58
0.11755714838018148,0.11755714838018148,0.11755714838018148,0.16642677135311787,0.11755714838018148,0.11755714838018148,0.11755714838018148,0.2355503249499533,0.2355503249499533,0.2355503249499533,0.2355503249499533,0.9584763212079616,0.9211136890951276,0.9571487301803181,0.7200787659137514,0.9584912320919856,0.9132412585763703,0.9629025040254552,0.8458929261693081,0.9953472745824107,0.9799514593101055,0.1179931765697718,0.7084111032621976,0.8481583480935929,0.4906054279749478,0.47761194029850745,0.9592770533058796,0.9245939675174014,5.6242661106559356e-05,59
0.11630946314994077,0.11630946314994077,0.11630946314994077,0.16462791723328352,0.11630946314994077,0.11630946314994077,0.11630946314994077,0.23520643319244738,0.23520643319244738,0.23520643319244738,0.23520643319244738,0.9583619309082589,0.9187935034802784,0.9568511228126333,0.7181922341188661,0.9583620894875284,0.9108615773403321,0.9625314898265692,0.8415885635802648,0.9954790747447453,0.9801674584997726,0.11889697004250661,0.7061174133226523,0.8449022738251286,0.49478079331941544,0.4626865671641791,0.9587051018073668,0.9245939675174014,5.6242661106559356e-05,60
0.11516019922522076,0.11516019922522076,0.11516019922522076,0.16547394029959275,0.11516019922522076,0.11516019922522076,0.11516019922522076,0.2396478248346183,0.2396478248346183,0.2396478248346183,0.2396478248346183,0.959162663006177,0.9176334106728539,0.9577721619052947,0.7025019066685734,0.9591648152181785,0.9087733242025585,0.9631834655715162,0.8387610834446738,0.9955625658257123,0.9799561939222445,0.12448762560939754,0.7000021203797522,0.8414789335080541,0.5010438413361169,0.4626865671641791,0.9588194921070693,0.9234338747099768,5.6242661106559356e-05,61
0.1151120608089988,0.1151120608089988,0.1151120608089988,0.16439230101060692,0.1151120608089988,0.1151120608089988,0.1151120608089988,0.24318319648780204,0.24318319648780204,0.24318319648780204,0.24318319648780204,0.9606497369023107,0.9176334106728539,0.9594615426912183,0.7025019066685734,0.9606818976667596,0.9087733242025585,0.964712687644947,0.8387610834446738,0.9955173190522381,0.9798852841112522,0.12807113567880324,0.6991182774664562,0.841302164925395,0.524008350730689,0.4626865671641791,0.9579043697094486,0.9234338747099768,5.6242661106559356e-05,62
0.11318629994305417,0.11318629994305417,0.11318629994305417,0.17020820951374777,0.11318629994305417,0.11318629994305417,0.11318629994305417,0.23955098284339463,0.23955098284339463,0.23955098284339463,0.23955098284339463,0.9613360787005262,0.919953596287703,0.9601071254898127,0.7192508508898766,0.9613567617979495,0.9121408623183138,0.9650437974749246,0.843879044293435,0.9956509757895343,0.9800437847414275,0.12636468290034047,0.7063161006168994,0.8468159799846402,0.5260960334029228,0.47761194029850745,0.9583619309082589,0.9234338747099768,5.6242661106559356e-05,63
0.11257661483457176,0.11257661483457176,0.11257661483457176,0.16414808194377345,0.11257661483457176,0.11257661483457176,0.11257661483457176,0.23539325146487466,0.23539325146487466,0.23539325146487466,0.23539325146487466,0.9606497369023107,0.9164733178654292,0.9593765644206446,0.7165387422296071,0.9606574987614269,0.9086626202199941,0.9645209232185424,0.8375628140703517,0.9957581115358215,0.9804929891596568,0.1228166366303029,0.7038828270669553,0.8435046375302839,0.5219206680584552,0.47761194029850745,0.9581331503088538,0.919953596287703,5.6242661106559356e-05,64
0.11152307236948805,0.11152307236948805,0.11152307236948805,0.15975522252996147,0.11152307236948805,0.11152307236948805,0.11152307236948805,0.23977670790972533,0.23977670790972533,0.23977670790972533,0.23977670790972533,0.961107298101121,0.9164733178654292,0.9599439089108769,0.7165387422296071,0.9611280785396484,0.9086626202199941,0.9654499001007242,0.8375628140703517,0.99578366806478,0.9801835257562208,0.12825363554023728,0.7027869629557425,0.8432854647080414,0.5219206680584552,0.47761194029850745,0.9585907115076642,0.919953596287703,5.6242661106559356e-05,65
0.11021647338128923,0.11021647338128923,0.11021647338128923,0.1644722868069789,0.11021647338128923,0.11021647338128923,0.11021647338128923,0.23498351340768514,0.23498351340768514,0.23498351340768514,0.23498351340768514,0.9609929078014184,0.9153132250580046,0.9596919885139652,0.7157138850338697,0.9610041204654981,0.9075641930378472,0.9653710108006459,0.8355525933224182,0.9958974220950114,0.9807281255391891,0.12476704002639591,0.702892739672489,0.8423839499272557,0.5219206680584552,0.47761194029850745,0.9584763212079616,0.9187935034802784,5.6242661106559356e-05,66
0.11100018063171285,0.11100018063171285,0.11100018063171285,0.1583357049444568,0.11100018063171285,0.11100018063171285,0.11100018063171285,0.23670598540317128,0.23670598540317128,0.23670598540317128,0.23670598540317128,0.9604209563029055,0.9129930394431555,0.9590693566591364,0.7279049785509734,0.960429350834061,0.9060851849750932,0.9642893786548186,0.832088421599419,0.995893481765161,0.9807531465414064,0.12570580477145843,0.7037811073058633,0.8418723389717565,0.5219206680584552,0.47761194029850745,0.9579043697094486,0.9164733178654292,5.6242661106559356e-05,67
0.11094241475868724,0.11094241475868724,0.11094241475868724,0.15742329864619967,0.11094241475868724,0.11094241475868724,0.11094241475868724,0.23626808697978655,0.23626808697978655,0.23626808697978655,0.23626808697978655,0.9606497369023107,0.9153132250580046,0.9591581722121587,0.7326609079178477,0.9606545183402432,0.9082493272435798,0.964473824408952,0.8355525933224182,0.9959274139009784,0.980774105202017,0.1253256722210993,0.7066425084168051,0.8453722105398195,0.5260960334029228,0.4925373134328358,0.9576755891100435,0.9164733178654292,5.6242661106559356e-05,68
0.10808780083361279,0.10808780083361279,0.10808780083361279,0.15383812035331978,0.10808780083361279,0.10808780083361279,0.10808780083361279,0.23556645728509734,0.23556645728509734,0.23556645728509734,0.23556645728509734,0.9612216884008236,0.91415313225058,0.9597789616310971,0.7023669281733799,0.9612366262955784,0.9052870014998597,0.9655225628955972,0.8319982849012844,0.9961079227810703,0.9810004257088923,0.12747865645148454,0.6980323019090303,0.8402090305509513,0.5302713987473904,0.4925373134328358,0.9577899794097461,0.9153132250580046,5.6242661106559356e-05,69
0.10762766721078691,0.10762766721078691,0.10762766721078691,0.15522677660749776,0.10762766721078691,0.10762766721078691,0.10762766721078691,0.23754762723628017,0.23754762723628017,0.23754762723628017,0.23754762723628017,0.9614504690002288,0.9176334106728539,0.9601028294482145,0.7341953954933832,0.961437283820914,0.9103590308334137,0.9657816737558974,0.8394335396033616,0.9961829445311678,0.9810075596841451,0.12991996002549328,0.7084136327447863,0.8466488063676043,0.5281837160751566,0.47761194029850745,0.9582475406085564,0.9211136890951276,5.6242661106559356e-05,70
0.10541429223214101,0.10541429223214101,0.10541429223214101,0.15523312204129938,0.10541429223214101,0.10541429223214101,0.10541429223214101,0.2347555051178292,0.2347555051178292,0.2347555051178292,0.2347555051178292,0.9616792495996339,0.9187935034802784,0.9602046069141269,0.7352563107989177,0.9616707832496829,0.9116380991775102,0.9659655732713588,0.8417278701198299,0.9962713026062096,0.9811872055673316,0.12934121288568817,0.7103975783066291,0.848920044922025,0.5281837160751566,0.4925373134328358,0.9584763212079616,0.919953596287703,5.6242661106559356e-05,71
0.106907584593781,0.106907584593781,0.106907584593781,0.14870026356873722,0.106907584593781,0.106907584593781,0.106907584593781,0.23844589375787312,0.23844589375787312,0.23844589375787312,0.23844589375787312,0.9613360787005262,0.9153132250580046,0.9598747236647398,0.7296770604264143,0.9613252337193842,0.908376521355172,0.9657144209425694,0.8362343864981987,0.9962394853935411,0.9809460411651177,0.13153830916409212,0.7056279301016046,0.8441144462350638,0.5281837160751566,0.47761194029850745,0.9581331503088538,0.9187935034802784,5.6242661106559356e-05,72
0.10690264441352648,0.10690264441352648,0.10690264441352648,0.1477782113926254,0.10690264441352648,0.10690264441352648,0.10690264441352648,0.2331800283174272,0.2331800283174272,0.2331800283174272,0.2331800283174272,0.9613360787005262,0.919953596287703,0.9599485343602118,0.7360824315374065,0.9613423905287398,0.9129609994059459,0.9657096876988811,0.850321236325751,0.9962341550281877,0.981059652999368,0.12627738390390073,0.7131814501004808,0.8509705274963535,0.5281837160751566,0.4925373134328358,0.9581331503088538,0.9211136890951276,5.6242661106559356e-05,73
0.10422072074304274,0.10422072074304274,0.10422072074304274,0.1542182401448053,0.10422072074304274,0.10422072074304274,0.10422072074304274,0.23538890211946434,0.23538890211946434,0.23538890211946434,0.23538890211946434,0.9627087622969572,0.9176334106728539,0.9613882420839542,0.734312944510019,0.9627043736757863,0.9104489277673274,0.9668485125211944,0.8395748033779832,0.9963833398518863,0.9811438889885862,0.1311681813764216,0.7090495507540387,0.8459084592184408,0.5281837160751566,0.4626865671641791,0.9595058339052849,0.9234338747099768,5.6242661106559356e-05,74
0.10424244600964806,0.10424244600964806,0.10424244600964806,0.14930389754229437,0.10424244600964806,0.10424244600964806,0.10424244600964806,0.23744546773808975,0.23744546773808975,0.23744546773808975,0.23744546773808975,0.9627087622969572,0.9176334106728539,0.9614107424873136,0.7173730707227826,0.96270992738813,0.9099935187244585,0.966882185282374,0.8461634928903552,0.9963614858046063,0.9809345312642108,0.13320302172844167,0.7057668967069829,0.8462725599729288,0.5302713987473904,0.4925373134328358,0.9592770533058796,0.9187935034802784,5.6242661106559356e-05,75
0.10283277686915852,0.10283277686915852,0.10283277686915852,0.15260479046901973,0.10283277686915852,0.10283277686915852,0.10283277686915852,0.23987097051684503,0.23987097051684503,0.23987097051684503,0.23987097051684503,0.9622512010981469,0.9187935034802784,0.9609501843790907,0.7208709456728482,0.9622674906315419,0.9109268160539559,0.9663850648615476,0.8475415634948709,0.996468154768372,0.9809684707710882,0.1370381936476865,0.7066447548748701,0.847507640079711,0.5302713987473904,0.4925373134328358,0.9588194921070693,0.919953596287703,5.6242661106559356e-05,76
0.10299536061203056,0.10299536061203056,0.10299536061203056,0.14710209486805528,0.10299536061203056,0.10299536061203056,0.10299536061203056,0.2361976979645314,0.2361976979645314,0.2361976979645314,0.2361976979645314,0.9621368107984443,0.9211136890951276,0.9606497849116601,0.736908101578111,0.9621313362957817,0.9140602827057799,0.9663541444287715,0.8523352940892619,0.9965051245838729,0.9812988731433921,0.13320233735250087,0.7135208521450087,0.851961530604335,0.5302713987473904,0.4925373134328358,0.9587051018073668,0.9222737819025522,5.6242661106559356e-05,77
0.10364070279968737,0.10364070279968737,0.10364070279968737,0.15064341210875742,0.10364070279968737,0.10364070279968737,0.10364070279968737,0.23537515462548644,0.23537515462548644,0.23537515462548644,0.23537515462548644,0.9623655913978495,0.9187935034802784,0.9610107615701203,0.7321634477085466,0.9623565145869543,0.9119051470969134,0.9666089549995563,0.8488046324995795,0.9965674185279715,0.9815499798972347,0.13173445182579907,0.7109695772378896,0.8494151989868602,0.534446764091858,0.4925373134328358,0.9584763212079616,0.919953596287703,5.6242661106559356e-05,78
0.1026155996050321,0.1026155996050321,0.1026155996050321,0.1502953487224061,0.1026155996050321,0.1026155996050321,0.1026155996050321,0.23784309701511153,0.23784309701511153,0.23784309701511153,0.23784309701511153,0.9628231525966598,0.9176334106728539,0.9614002462390424,0.7172546060491731,0.9628218010144783,0.9099014282206527,0.9669621401785717,0.846028328393083,0.9965815876791672,0.9813703395166073,0.13522749741007944,0.7055710522981216,0.8462056667178868,0.5448851774530271,0.4925373134328358,0.9577899794097461,0.9187935034802784,5.6242661106559356e-05,79
0.10226300351729785,0.10226300351729785,0.10226300351729785,0.1433152903489986,0.10226300351729785,0.10226300351729785,0.10226300351729785,0.23992243502289057,0.23992243502289057,0.23992243502289057,0.23992243502289057,0.9629375428963624,0.9176334106728539,0.9615402851354924,0.719931411859663,0.9629371675470217,0.9097399466693944,0.9670391665775229,0.8453849137095211,0.9966112455469098,0.9812359881348897,0.13765943150559273,0.7054435596558143,0.8463166400735027,0.5448851774530271,0.4925373134328358,0.9579043697094486,0.9187935034802784,2.8121330553279678e-05,80
0.10186555083266197,0.10186555083266197,0.10186555083266197,0.14542461797870343,0.10186555083266197,0.10186555083266197,0.10186555083266197,0.2380197039908833,0.2380197039908833,0.2380197039908833,0.2380197039908833,0.9631663234957676,0.9187935034802784,0.9618400730758406,0.720755018619546,0.9631651886051474,0.9108371984052058,0.9672523468554504,0.8474069906736053,0.9966366849870333,0.9814549103891048,0.13615415315822132,0.7070130356224311,0.847554012244286,0.5448851774530271,0.4925373134328358,0.9581331503088538,0.919953596287703,2.8121330553279678e-05,81
0.10169397239000132,0.10169397239000132,0.10169397239000132,0.14975482215900926,0.10169397239000132,0.10169397239000132,0.10169397239000132,0.23773255864917128,0.23773255864917128,0.23773255864917128,0.23773255864917128,0.9631663234957676,0.9187935034802784,0.9618452098695988,0.7321634477085466,0.9631612084887345,0.9119051470969134,0.9672803884042134,0.8488046324995795,0.9966741027320732,0.9816021169856252,0.13603858625916998,0.7103802262319684,0.849297328785676,0.5427974947807933,0.4925373134328358,0.9583619309082589,0.919953596287703,2.8121330553279678e-05,82
0.10158363737581273,0.10158363737581273,0.10158363737581273,0.1456849417567634,0.10158363737581273,0.10158363737581273,0.10158363737581273,0.2391773945203534,0.2391773945203534,0.2391773945203534,0.2391773945203534,0.963051933196065,0.9176334106728539,0.9616946272557746,0.7172546060491731,0.9630479446505086,0.9099014282206527,0.9671692412128935,0.846028328393083,0.9966651626679673,0.9814748481704192,0.13759375714454064,0.705237477921811,0.8461389518426247,0.5511482254697286,0.4925373134328358,0.9573324182109357,0.9187935034802784,2.8121330553279678e-05,83
0.10188723900500733,0.10188723900500733,0.10188723900500733,0.1445234687837439,0.10188723900500733,0.10188723900500733,0.10188723900500733,0.2383815966270588,0.2383815966270588,0.2383815966270588,0.2383815966270588,0.9631663234957676,0.9187935034802784,0.9617950553834405,0.7321634477085466,0.9631619416013735,0.9119051470969134,0.9672740336213707,0.8488046324995795,0.9966541464105607,0.9815386191218645,0.13649435762205148,0.7102179667374965,0.8492648768867815,0.5469728601252609,0.4925373134328358,0.9579043697094486,0.919953596287703,2.8121330553279678e-05,84
0.10135904465564763,0.10135904465564763,0.10135904465564763,0.14675614118140978,0.10135904465564763,0.10135904465564763,0.10135904465564763,0.23784077498647901,0.23784077498647901,0.23784077498647901,0.23784077498647901,0.9633951040951727,0.9176334106728539,0.9620892650210576,0.7172546060491731,0.9633880457723218,0.9099014282206527,0.9674808846915612,0.846028328393083,0.9966908255401818,0.9816571098094966,0.13648173033083139,0.7055716328052797,0.8462057828193184,0.5490605427974948,0.4925373134328358,0.9579043697094486,0.9187935034802784,2.8121330553279678e-05,85
0.10137036205770071,0.10137036205770071,0.10137036205770071,0.14777846969868036,0.10137036205770071,0.10137036205770071,0.10137036205770071,0.23703979269635897,0.23703979269635897,0.23703979269635897,0.23703979269635897,0.9637382749942804,0.919953596287703,0.9624006536147262,0.733105789655235,0.9637447709813148,0.9130947738880176,0.9677630535161853,0.8509409854649208,0.996685045103528,0.981668518469497,0.13566943063865827,0.7117400898777565,0.8514143139430794,0.5532359081419624,0.5074626865671642,0.9577899794097461,0.9187935034802784,2.8121330553279678e-05,86
0.10086919975200584,0.10086919975200584,0.10086919975200584,0.14631632860260504,0.10086919975200584,0.10086919975200584,0.10086919975200584,0.2388912067162218,0.2388912067162218,0.2388912067162218,0.2388912067162218,0.9636238846945779,0.9187935034802784,0.9622934668071553,0.7181966996055791,0.9636247276518061,0.9110908129609019,0.9676650456273714,0.8481757249086777,0.9967281607270249,0.9815593186366679,0.13802200696421596,0.7064975091981849,0.8482368599426366,0.5553235908141962,0.5074626865671642,0.9574468085106383,0.9176334106728539,1.4060665276639839e-05,87
0.09996957514738297,0.09996957514738297,0.09996957514738297,0.14570172177595817,0.09996957514738297,0.09996957514738297,0.09996957514738297,0.23805961750999646,0.23805961750999646,0.23805961750999646,0.23805961750999646,0.9638526652939831,0.9187935034802784,0.9625408432518778,0.71831311955677,0.9638601126834513,0.9111813775225336,0.9678405130612705,0.8483089458332329,0.99677071863941,0.9816183267521738,0.1380900423626135,0.706800280936239,0.8483246979291311,0.5532359081419624,0.5074626865671642,0.9579043697094486,0.9176334106728539,1.4060665276639839e-05,88
0.10007753365424928,0.10007753365424928,0.10007753365424928,0.14843514825754467,0.10007753365424928,0.10007753365424928,0.10007753365424928,0.23770323278451408,0.23770323278451408,0.23770323278451408,0.23770323278451408,0.9635094943948753,0.9211136890951276,0.9622516964167794,0.7340463494899789,0.9635146811712052,0.9142831511873598,0.9675692339899425,0.8530754716075226,0.9967740242366929,0.9816798026109106,0.1376256991302648,0.7127595491747007,0.8525673036296955,0.5532359081419624,0.5074626865671642,0.9575611988103409,0.919953596287703,1.4060665276639839e-05,89
0.0991396360674353,0.0991396360674353,0.0991396360674353,0.1403150689082023,0.0991396360674353,0.0991396360674353,0.0991396360674353,0.23650257420484666,0.23650257420484666,0.23650257420484666,0.23650257420484666,0.9635094943948753,0.9211136890951276,0.9621982200483963,0.7472969387460234,0.9635124539507637,0.9150253481105838,0.9675662742250882,0.8536810446640751,0.9968142729580454,0.9817515368474709,0.13736293813741135,0.7164549450677389,0.8544236714823708,0.5448851774530271,0.5074626865671642,0.9584763212079616,0.919953596287703,1.4060665276639839e-05,90
0.09915193867632104,0.09915193867632104,0.09915193867632104,0.14360866450235574,0.09915193867632104,0.09915193867632104,0.09915193867632104,0.23659396716565997,0.23659396716565997,0.23659396716565997,0.23659396716565997,0.9635094943948753,0.9222737819025522,0.9622499235464231,0.7482377397713313,0.963510317045195,0.9162139604448145,0.9675818249629856,0.8558046169287388,0.9968195667758113,0.9817137601711282,0.13744202848933895,0.7176156222278581,0.8556040251091489,0.5427974947807933,0.5074626865671642,0.9587051018073668,0.9211136890951276,1.4060665276639839e-05,91
0.09887759293220175,0.09887759293220175,0.09887759293220175,0.14214737879165046,0.09887759293220175,0.09887759293220175,0.09887759293220175,0.23705057237573243,0.23705057237573243,0.23705057237573243,0.23705057237573243,0.9636238846945779,0.9211136890951276,0.9623937679830691,0.7472969387460234,0.963628889526394,0.9150253481105838,0.9676558125476497,0.8536810446640751,0.9968391481663085,0.9817980582650735,0.13817297944353069,0.7163179455250174,0.8543962715738265,0.5469728601252609,0.5074626865671642,0.9583619309082589,0.919953596287703,1.4060665276639839e-05,92
0.09939436310225178,0.09939436310225178,0.09939436310225178,0.13649721832497277,0.09939436310225178,0.09939436310225178,0.09939436310225178,0.23739248441739214,0.23739248441739214,0.23739248441739214,0.23739248441739214,0.9637382749942804,0.9211136890951276,0.9624856320154698,0.7472969387460234,0.9637381739333751,0.9150253481105838,0.9677579223792553,0.8536810446640751,0.9968411932957748,0.9818153510156453,0.13799812131514036,0.7162324675146025,0.8543791759717435,0.5511482254697286,0.5074626865671642,0.9580187600091512,0.919953596287703,1.4060665276639839e-05,93
0.0988534554703204,0.0988534554703204,0.0988534554703204,0.14656817851533746,0.0988534554703204,0.0988534554703204,0.0988534554703204,0.23651263297156053,0.23651263297156053,0.23651263297156053,0.23651263297156053,0.9637382749942804,0.9211136890951276,0.9624923940974947,0.7505419225385143,0.9637441485343533,0.914918230304696,0.9677512818512792,0.8530754716075226,0.9968624935438655,0.9818242057462624,0.13765917750124013,0.7170037647572852,0.8547206166272878,0.5490605427974948,0.5074626865671642,0.9582475406085564,0.919953596287703,7.0303326383199195e-06,94
0.09879519937434292,0.09879519937434292,0.09879519937434292,0.14047957853121806,0.09879519937434292,0.09879519937434292,0.09879519937434292,0.2370689442312276,0.2370689442312276,0.2370689442312276,0.2370689442312276,0.9636238846945779,0.919953596287703,0.962390380501179,0.7496018994248873,0.9636258984814888,0.913730884107639,0.9676591428124063,0.8509409854649208,0.9968692230761595,0.9818373874359394,0.13827374485688468,0.7156800012531735,0.8526113669901664,0.5490605427974948,0.4925373134328358,0.9581331503088538,0.9211136890951276,7.0303326383199195e-06,95
0.09862807948600863,0.09862807948600863,0.09862807948600863,0.1428514714250817,0.09862807948600863,0.09862807948600863,0.09862807948600863,0.23721675733449282,0.23721675733449282,0.23721675733449282,0.23721675733449282,0.9636238846945779,0.919953596287703,0.962390380501179,0.7496018994248873,0.9636258984814888,0.913730884107639,0.9676591428124063,0.8509409854649208,0.9968816785000331,0.9817993278414974,0.1385886778484842,0.7156430479773572,0.8526039763350031,0.5490605427974948,0.4925373134328358,0.9581331503088538,0.9211136890951276,7.0303326383199195e-06,96
0.09864609254923314,0.09864609254923314,0.09864609254923314,0.14653562656161886,0.09864609254923314,0.09864609254923314,0.09864609254923314,0.2366011264492516,0.2366011264492516,0.2366011264492516,0.2366011264492516,0.9636238846945779,0.919953596287703,0.9623971508393142,0.7496018994248873,0.9636318754089791,0.913730884107639,0.9676524815969615,0.8509409854649208,0.9968816505619692,0.9817976650793973,0.13795503390001845,0.7157969556986675,0.8526347578792651,0.5469728601252609,0.4925373134328358,0.9583619309082589,0.9211136890951276,7.0303326383199195e-06,97
0.09858072203403268,0.09858072203403268,0.09858072203403268,0.14283678505270586,0.09858072203403268,0.09858072203403268,0.09858072203403268,0.23684499402427012,0.23684499402427012,0.23684499402427012,0.23684499402427012,0.9636238846945779,0.9187935034802784,0.9623452908060314,0.7455273852587999,0.9636282950913687,0.9127349568043781,0.9676587648323954,0.8495593839503871,0.9968849355425451,0.9817898022005309,0.13826427199023744,0.7140929437641272,0.8511853154443918,0.5469728601252609,0.4925373134328358,0.9583619309082589,0.919953596287703,7.0303326383199195e-06,98
0.09872534635961322,0.09872534635961322,0.09872534635961322,0.14140763144980925,0.09872534635961322,0.09872534635961322,0.09872534635961322,0.2367584786757275,0.2367584786757275,0.2367584786757275,0.2367584786757275,0.9635094943948753,0.9187935034802784,0.9621982200483963,0.7455273852587999,0.9635124539507637,0.9127349568043781,0.9675662742250882,0.8495593839503871,0.996881234261001,0.9817940331121111,0.13803313231611428,0.7141145726012629,0.851189641211819,0.5469728601252609,0.4925373134328358,0.9582475406085564,0.919953596287703,7.0303326383199195e-06,99
0.09838475899623288,0.09838475899623288,0.09838475899623288,0.1422055593528615,0.09838475899623288,0.09838475899623288,0.09838475899623288,0.2363688134484821,0.2363688134484821,0.2363688134484821,0.2363688134484821,0.9636238846945779,0.919953596287703,0.962398769186088,0.7496018994248873,0.9636305235620299,0.913730884107639,0.9676617165782383,0.8509409854649208,0.996896640723986,0.9818283118919497,0.1379840544522492,0.71585503394886,0.8526463735293036,0.5448851774530271,0.4925373134328358,0.9585907115076642,0.9211136890951276,7.0303326383199195e-06,100
